,Unnamed: 0,source_id,l,b,ra,dec,parallax,pmra,pmdec,phot_g_mean_mag,phot_bp_mean_mag,phot_rp_mean_mag,radial_velocity,KinematicNetworkOut_0,b_old,dec_old,feH,g_mag,l_old,parallax_old,parallax_err,plx_over_error,pmdec_old,pmdec_err,pmra_old,pmra_err,r,r_err,r_helio,ra_old,source_id_string,vU,vU_err,vV,vV_err,vW,vW_err,vabs,vabs_err,vabs_err_nocov,vphi,vphi_err,vr,vr_err,vtheta,vtheta_err,x,x_err,y,y_err,z,z_err,Score_Old,KinematicWeights
0,0,2021649528701414272,60.771947501142485,1.6781928551912684,294.79232865196246,25.39168451827942,0.4447800587700323,0.6981076436894718,-1.4965733654762672,13.780283,14.868395,12.749985,-15.08181384932007,0.03564257,1.6781928551912684,0.4431684974716462,0.0,13.780283,60.77194750114249,0.4447800587700324,0.024213127153367,18.369377,-1.4965733654762672,0.0355604917251779,0.6981076436894718,0.0320550196618179,7.1763172693405295,0.0866779968529736,2.2487915060783807,5.145096744597963,r2021649528701414272,1.732893302230096,0.904729553497294,-17.796950280050034,1.1902126072850383,-14.745971062215617,0.7426017389414583,221.78156105960176,1.2067839890433765,1.1889555650360504,-216.36542497648125,1.1712950630204653,48.0464198971595,0.9290693878072956,8.037738229523923,0.7426283768977594,-6.9026541445265535,0.0597377832164384,1.961213824717162,0.1067653973609697,0.0808433362980657,0.0035844077146706,0.030637162,0.0
1,1,3239542549742132096,194.62616104708175,-22.5589130691506,74.47810081777064,4.77341932635265,0.7208431225638323,1.119406412670099,-6.527783463825242,10.812804,11.475957,10.060672,22.40547858421367,0.0413361,-22.5589130691506,0.0833118838231834,0.0,10.812804,194.62616104708167,0.7208431225638323,0.0432554739466167,16.664783,-6.5277834638252425,0.0418020740417965,1.119406412670099,0.0729146426634851,9.259719450064276,0.0766849013151032,1.381579345616388,1.2998880799023789,r3239542549742132096,-3.706039835655812,0.9728432963319038,-42.66674880968513,2.3213125374246206,-23.759148455200915,0.8668717450731945,197.2444875599253,2.2150337642417446,2.3129559219662124,-196.03425760978084,2.3201407940888097,-13.317656917124015,0.9753140426418192,17.279980624912742,0.8672322709975219,-9.239602675354051,0.0743845637830657,-0.323496784518211,0.0194120000545647,-0.5172006630847051,0.0319356475713536,0.048774846,0.0
2,2,5833495706085688960,323.47513303307835,-4.697098751175536,237.61981423309925,-60.21926229307402,1.0785349311987689,-4.136793621959093,-5.006477152880279,12.424397,13.034087,11.692083,20.404798977727413,0.04307745,-4.697098751175536,-1.051024400136212,0.0,12.424397,323.4751330330784,1.0785349311987689,0.030793459878928,35.024807,-5.006477152880279,0.0433421683135474,-4.136793621959093,0.0625206622740869,7.278483192449762,0.0223448927999822,0.9260760454262515,4.147248126344866,r5833495706085688960,-0.5482825873538442,0.8572433874881411,-34.31728382505969,0.8348043889242208,-7.2823605566680625,0.2864281293830329,205.0344110701936,0.8325341830252218,0.8348646049859926,-203.3799312646672,0.8349342294352783,-25.99328388939599,0.857090251621299,0.2499486460874173,0.2865079397751562,-7.257418796303836,0.0212015798852691,-0.5499801003848556,0.0157025884517121,-0.0609252575714275,0.002167756745926,0.040300507,0.0
3,3,2212075558086017664,112.88689592479834,5.858594427666633,346.8629232455809,66.68055702558094,0.7748619771357685,2.2124971986328235,2.3287627494436203,12.141476,13.382678,11.043882,-31.794188369974197,0.041001298,5.858594427666633,1.163795267160224,0.0,12.141476,112.88689592479834,0.7748619771357685,0.0437823744480556,17.698034,2.3287627494436203,0.0750107419637564,2.2124971986328235,0.1028733981081983,8.582445133471477,0.0372752824191218,1.2921696840598509,6.053900063727763,r2212075558086017664,-3.7350327495183087,1.143350865247846,-36.904227399737366,0.6039695750503609,4.594747876072427,0.6640337587965495,202.6563194705793,0.6143341894209807,0.6052141732712326,-201.2613069794461,0.6186141020746929,20.770646187789293,1.1353849809011352,-11.491318080547886,0.6642204598846957,-8.499291373540306,0.0282116848162178,1.1827427889590978,0.066829047223815,0.1467314277066272,0.0074432800480774,0.03194862,0.0
4,4,4150379494068877312,14.710582580403964,5.615726414392756,269.24253243739383,-13.434451877680498,0.4229371789595786,0.9185422709068446,3.758422024616973,13.762523,14.775245,12.759036,-39.15124175434141,0.030895593,5.615726414392756,-0.2344754184662592,0.0,13.762523000000002,14.710582580403964,0.4229371789595786,0.0329993477247657,12.816531,3.758422024616973,0.0635834819032237,0.9185422709068446,0.0658279860801242,5.7604365041885055,0.1820651777539172,2.3659322768603723,4.699168677440157,r4150379494068877312,-49.49567076375136,1.5414082642843023,29.854601668994597,3.2313259601505573,8.481217351489025,1.1530570512163825,272.1167372794606,3.3649949200814366,3.201630299812705,-263.4947311330404,3.2178446092815447,66.72264488760264,1.5686968469759672,-12.889299125578182,1.1539556898391057,-5.724062073756111,0.1775783042126031,0.5975304588549415,0.0466218539509801,0.2463725741940048,0.0180526669435505,0.0304964129999999,0.0
5,5,6725833199764318208,353.2906123945725,-10.255298454618211,273.2853515768188,-39.78465575386457,0.5665893971983457,-0.2470599195199839,-7.781525640684666,10.998122,11.719639,10.205257,20.883678560800572,0.044884153,-10.255298454618211,-0.6943732346774435,0.0,10.998122,353.2906123945725,0.5665893971983457,0.0486054140692371,11.656919,-7.781525640684666,0.0625610127311549,-0.2470599195199839,0.0764390532918189,6.285549884387671,0.1495686145554189,1.762337841956736,4.769729182485765,r6725833199764318208,8.67743654568439,1.3506178826186728,-60.39914133671428,4.985115486639433,-30.90197572127776,2.122437390888233,181.32129550741573,4.752039743979321,4.922521347423769,-177.94833713483757,4.982702532145465,-24.38693725989797,1.361705096872031,24.841070961525887,2.121018685331653,-6.2751439174958215,0.1479684309563754,-0.2029105348693529,0.0174068745640199,-0.2992214542443377,0.0269557883866247,0.04566784,0.0
6,6,2047229220028404352,68.6077291964126,5.875022163512538,294.97305517485944,34.262641363375806,0.9153730681439226,3.8801360318974094,-0.1434352555921997,13.004302,13.2098875,12.65621,-32.18182607051298,0.041026063,5.875022163512537,0.5979959022209067,0.0,13.004302,68.6077291964126,0.9153730681439226,0.0214749860046308,42.625084,-0.1434352555921997,0.037552247166334,3.8801360318974094,0.033576793941748,7.67169814815267,0.0123909669240423,1.094087891789351,5.148251017468196,r2047229220028404352,-19.537292846320568,2.893940723759439,-24.92649731106126,7.4732430783638115,-20.90170801279301,0.9097821331497858,214.75399823095836,7.289924784089968,7.453438033511461,-211.1691615192749,7.417767933379826,36.38210094591293,3.0329335085362947,14.255094183842273,0.9110388411391668,-7.6036202600880625,0.0092992132534421,1.0118436563922188,0.0237382211866439,0.1268220476346215,0.0026233860177161,0.0327069,0.0
7,7,4150340152141657216,15.883862309929278,4.641729056825874,270.70332527033105,-12.894992364465274,0.8444214955582637,0.2756549177463984,0.9555363926033368,11.883126,12.833603,10.935487,-21.28461227917153,0.03397372,4.641729056825874,-0.2250600737794476,0.0,11.883126,15.883862309929278,0.8444214955582637,0.059144384549668,14.277289,0.9555363926033368,0.0752575774150135,0.2756549177463984,0.0882722949292273,6.873200108411293,0.0805907488132792,1.1855508575723996,4.724664322064446,r4150340152141657216,-21.99092489738237,0.6676429889737712,-0.7386513207586569,0.6070227916227334,-0.2282652286711309,0.540656178489987,238.69335033586296,0.6113905287640133,0.6071009972197111,-237.56591444532583,0.6071634170526752,22.1930900281296,0.6674852509661338,-6.664723799113148,0.5406930352337462,-6.864709305898397,0.0795172431549876,0.3230503811977014,0.0226268706741553,0.1108346831320139,0.0067123863878052,0.0328773,0.0
8,8,4382843117151318784,18.32707123150016,27.058590052756795,252.37778149244036,0.4342909387800731,0.4968325532355754,-4.5571422255334,2.6654441504300874,12.000712,12.889809,11.08763,-81.5858912010656,0.039226517,27.058590052756795,0.0075798067932894,0.0,12.000712,18.32707123150016,0.4968325532355754,0.0448482376862693,11.078084,2.6654441504300874,0.0492512004582721,-4.5571422255334,0.0856279479783615,6.3917545863279335,0.1678716061802995,2.0196182584806857,4.404823245921894,r4382843117151318784,-90.38837984039316,2.05847709092294,-30.77235974905781,1.0753658513028015,8.728167894248749,4.430946421382825,223.4592177867971,0.6619904089462318,1.2801423659159874,-200.4117643796828,1.0866858285627163,98.82593240744843,2.130664513536132,-1.6067967849614302,4.393905833984933,-6.298479298865972,0.1535934075486872,0.5636161779519463,0.0508766829951061,0.930603039728416,0.0826499441000607,0.037798483,0.0
9,9,4531947171745335680,51.89594009004232,11.750773998625563,280.6221979569391,22.08769800952154,2.2868299676276527,5.371195602610229,-4.460526817653989,12.849375,13.247757,12.287967,-27.78916972993659,0.046112966,11.750773998625563,0.3855030544523485,0.0,12.849375,51.89594009004232,2.2868299676276527,0.0292330887023623,78.22745,-4.460526817653988,0.0477458369069776,5.371195602610228,0.0273003222750612,7.7438405170400655,0.0035763543008996,0.4405861996155672,4.897781308531892,r4531947171745335680,-12.15978717065257,0.7706296639292645,-21.57367182583173,0.9843657161712388,-19.19320455322977,0.3073082485414739,217.83655817988023,0.9654754237810604,0.9830250140345028,-217.25426157275,0.9840049901167712,10.360532957126246,0.7710316573734495,12.083512112784634,0.307455142217397,-7.735809359628727,0.0033772114821108,0.3368856488451289,0.0043064889802275,0.1040555833874504,0.0011384185993096,0.040812653,0.0
10,10,4097534731820220416,13.646042682032563,0.6660941305361878,273.1825186995445,-16.775715777255236,1.4022130804732231,-4.9891666124891625,-5.132745568374462,10.562835,11.336209,9.729075,0.0935313448333694,0.0385344,0.6660941305361878,-0.2927914746918636,0.0,10.562835,13.646042682032563,1.4022130804732231,0.0411636629855588,34.064342,-5.132745568374462,0.0540093142303447,-4.9891666124891625,0.0628269787098246,7.3089933356273455,0.0204522417992712,0.7134904244402174,4.767934410198028,r4097534731820220416,5.723345306335645,0.2205884174666516,-22.610827000116863,0.6811645069572568,6.4406023633077645,0.3314085492132751,217.55312086848983,0.6480838323982727,0.6783059543110568,-216.79906202468305,0.6810029588275879,-11.792466507257068,0.2210880468340158,-13.728249652180994,0.3314076154309118,-7.307019687154818,0.0203432762472586,0.1682391656815606,0.0049388644376004,0.0232906613827559,0.0002433824044573,0.039373666,0.0
11,11,4531965554206852992,51.61921808944701,11.993092955196731,280.2627205331922,21.94283044812757,3.3846572913762043,-1.5353463641076472,-40.70979390644106,10.48821,10.7983,10.035959,4.826038734701756,0.05198805,11.993092955196731,0.3829746385266888,0.0,10.48821,51.61921808944701,3.3846572913762043,0.0298148752546031,113.52244,-40.70979390644106,0.0465008714600704,-1.5353463641076472,0.0253331219462628,7.8242166804643585,0.0016429552836829,0.2989281058284336,4.8915072439009215,r4531965554206852992,47.00675083372069,0.5993211982245034,-25.21428953377181,0.6194801883272959,-20.80459268373217,0.2507912979111689,222.0330236440033,0.6583893467284738,0.6171524686224564,-215.45858577288828,0.6194635605308635,-52.019505798540536,0.5993148193334942,13.047314732199911,0.2508476070863175,-7.820563040650159,0.0015806299127276,0.2265491598742853,0.0019956333416375,0.0763928545985429,0.000540799302205,0.055845793,0.0
12,12,6765493580573859584,12.881299402031448,-20.502036950092418,293.49794140920085,-26.45594130491077,1.0663636181886411,3.325346398038252,-13.72681732067336,12.996631,13.547045,12.3095255,-57.684396839138685,0.052649755,-20.50203695009241,-0.461743282485058,0.0,12.996631,12.881299402031448,1.0663636181886411,0.0332646221993206,32.056988,-13.72681732067336,0.0475110157007552,3.325346398038252,0.0549641492866877,7.153290760898655,0.0272911342284266,0.9326186534963528,5.1225054254159605,r6765493580573859584,-53.05027093576257,1.2667225387535743,-65.55543491535528,1.7026410965791108,-12.532557603848977,1.1031438901336073,178.60152668506782,1.60534119357922,1.6811019420245548,-172.3099490593657,1.7023556842983285,46.87582778385454,1.2668116016804258,3.231649574780075,1.1034820461931265,-7.143736947319296,0.0267106514746285,0.1958163076955505,0.0061083812171151,-0.3134439520931156,0.0102456270953689,0.050078936,0.0
13,13,5883981814079266560,325.39305211010213,-1.9525534240783735,237.19291491659695,-56.88034400428728,1.3468431325513486,-1.4518286656773371,-7.689754382880613,12.857045,13.665858,11.984214,21.184160810877422,0.045146033,-1.9525534240783733,-0.9927492825418288,0.0,12.857045,325.39305211010213,1.3468431325513486,0.0335095041198764,40.19287,-7.689754382880612,0.0441458476511339,-1.4518286656773371,0.0456391432733722,7.401261827481116,0.0157688419247791,0.7421173183635348,4.139797327697389,r5883981814079266560,5.06221145846386,2.5796194291412653,-28.820772729901496,1.7932343402106898,-18.735294678155288,0.4696895322605892,211.19202571425632,1.5885437110373806,1.7963771222977716,-208.99777839627805,1.7963404612899256,-28.09250336415472,2.577455006831449,11.524391760362573,0.4697027674192912,-7.389246157794628,0.0151955768990276,-0.4214401713302402,0.0104854461638157,-0.0102975936798998,0.0006294050132131,0.042499155,0.0
14,14,2219253208653318912,106.01153114688562,9.160361277883354,328.0250343090735,65.95045391001534,1.0435268786231409,-8.475754573078042,-1.2565314740729296,11.981706,12.622546,11.231461,-11.722142662813145,0.045802586,9.160361277883354,1.151052563914536,0.0,11.981706,106.01153114688564,1.0435268786231409,0.0278921807669686,37.41288400000001,-1.2565314740729296,0.0404542046943976,-8.475754573078044,0.0512000206065215,8.312544196848666,0.0096729196129596,0.9607907883369172,5.725116877660695,r2219253208653318912,36.34543830842253,0.9710861448767636,-4.754666729874263,0.5685661906088993,17.566573757921038,0.6204747608464368,240.364917909241,0.6588181369344274,0.5899763445685098,-238.1098104151105,0.5750542365114021,-21.01630512970457,0.9671425555343584,-25.24533351515583,0.6206550129237107,-8.260954505350584,0.0069749906631988,0.909365740588588,0.024306219743234,0.1675578554830403,0.0040776824916751,0.040675897,0.0
15,15,6195587906137920000,315.83393475672955,39.6662378104441,203.55267905656785,-22.131529488639018,1.710753319057822,8.56165149732925,-2.302313888324219,12.370564,12.733222,11.858331,19.25801983676012,0.041555755,39.6662378104441,-0.3862680580789679,0.0,12.370564,315.83393475672955,1.7107533190578217,0.0659304896194338,25.947832,-2.30231388832422,0.1132526107737526,8.561651497329251,0.1142112562552654,7.693425659892366,0.0136307413263371,0.5942247202143357,3.552664450792413,r6195587906137920000,31.040162324225545,1.4867495512345184,0.4674993866670811,1.3395332586848177,3.252582120359804,1.5230366001201827,243.452463479654,1.0943373436664423,1.3445420035271662,-237.628613769332,1.3397917875053904,-51.283192884936206,1.486610663560502,-13.106411404512611,1.5229447677594117,-7.677230960386031,0.0124391521434916,-0.3135074404422168,0.0120822206319462,0.3881188606185621,0.0143795770511059,0.04087256,0.0
16,16,210405263807947008,164.03470670151947,11.274041301557212,88.67345177571075,48.31726943273103,1.6677023310671677,-0.9465183906478531,-0.3673694174855192,12.680281,12.563538,11.839661,-7.003365439788201,0.035654508,11.274041301557212,0.8432954371743694,0.0,12.680281,164.03470670151947,1.6677023310671677,0.0510268451323702,32.682842,-0.3673694174855192,0.083130352708083,-0.9465183906478531,0.1004780213515923,8.567921828530286,0.0174424534214404,0.6027394606761283,1.5476436925945654,r210405263807947008,6.128220650504607,6.500212571190832,-1.356727554058549,1.8417978835904825,-4.240152995901832,1.4356033479875934,238.3657379494332,1.3917097613686285,1.8960511603262955,-238.00617588806043,1.845554735388076,-12.688832863237376,6.4984106686469625,-3.2060548791889274,1.438932377744304,-8.565374350146854,0.0172988121856837,0.1617479179199905,0.0049490162629354,0.1322282598415351,0.0035868440959985,0.036309622,0.0
17,17,6713005365065821056,354.4034845159184,-21.98139121847326,288.3509061372556,-43.21620919626174,3.1681972403827983,2.34144611933528,-22.944075772540785,12.608899,13.014507,12.06093,-47.35249983108349,0.05151791,-21.981391218473263,-0.7542651407054196,0.0,12.608899,354.4034845159184,3.1681972403827983,0.039361566942793,80.48961,-22.944075772540785,0.057294207962602,2.34144611933528,0.058770764567788,7.709446189926952,0.0036396615310822,0.3103342119270803,5.032672713204233,r6713005365065821056,-51.601776279467686,0.7072404742410497,-27.14040236185511,0.3976542448075045,5.790820456615865,0.3271424038564903,216.16856831415728,0.4317338366137058,0.412250848055137,-212.08811479220333,0.3976601417219071,39.53870034343892,0.7071874033668033,-13.57102302825573,0.3272499464081937,-7.708703327017925,0.0036190592390047,-0.0285440027202321,0.0003546296485479,-0.1031446135805605,0.0014678243693627,0.051754113,0.0
18,18,6713035399775370752,354.8872818599825,-21.95755734245184,288.50143754288143,-42.780608361170906,4.580660426691879,5.25224127755029,-19.742801417053563,11.205712,11.550733,10.725965,-23.7637818865772,0.0465986,-21.95755734245184,-0.7466624719086478,0.0,11.205712,354.8872818599825,4.580660426691879,0.0426853668159298,107.31219,-19.742801417053567,0.0692984259286854,5.25224127755029,0.0762266873776587,7.798637868813567,0.0018860757164126,0.2131548137397408,5.035299981860058,r6713035399775370752,-27.65842334283809,1.1059709137917877,-15.655439424538548,0.2037036746378208,-1.2416502632466866,0.4716047701464183,224.11786166769,0.2588390224884497,0.2192614174444772,-223.462274665326,0.2037192016537209,15.989509586925086,1.105935027182256,-6.145185356510563,0.4716822139621138,-7.7983323521420385,0.0018792612247705,-0.0180434803894044,0.0001681400731147,-0.0666300776173793,0.000760678479026,0.046228364,0.0
19,19,6713019143320891136,354.7830943316952,-22.01381528506684,288.53568068176423,-42.8895488501325,0.5342115705406937,-2.779115336641828,-6.223521930573302,12.256284,12.877986,11.528024,-70.08573923116202,0.049732134,-22.01381528506684,-0.7485638421297601,0.0,12.256284,354.7830943316952,0.5342115705406937,0.0436585291408054,12.236133,-6.223521930573303,0.0614114267802193,-2.7791153366418286,0.0693027457820914,6.31119572876437,0.146920202313465,1.8663468809693264,5.035897637379783,r6713019143320891136,-66.78952922081501,4.397837336158875,-54.500559053299504,4.935695335183251,33.73768013338298,2.046191634361925,197.1062749070892,4.8454982016452295,4.80499519112357,-185.92175582160908,4.935373600121327,46.2670126958292,4.377753958912524,-46.296304994707405,2.089574019757758,-6.271746302916857,0.1412418198288755,-0.1577975826913993,0.012896033598277,-0.6866511206712828,0.0573425541260764,0.050223224,0.0
20,20,3347286820886044032,192.6276237674207,-5.214137612705695,88.53725205079446,15.433169772111672,1.581317408246932,-6.922489034757128,-8.61992423142944,12.587205,12.968214,12.046365,45.55122968931957,0.048659947,-5.214137612705695,0.2693596265426116,0.0,12.587205,192.6276237674207,1.581317408246932,0.0566305046490381,27.92342,-8.61992423142944,0.0901807497996481,-6.922489034757128,0.1001210534698446,8.615738923614128,0.0220936943231922,0.6311977195289711,1.5452665589544652,r3347286820886044032,-39.1403670093878,2.7853976424778963,-21.28438304100272,0.7823542480229603,-34.468894220534395,1.074514730667453,221.2737244933525,0.4590739935321949,0.8573491829771981,-218.21588620235897,0.7835196313714208,24.69033780987805,2.7850412499422785,27.09751610227957,1.0745893754908822,-8.61453416492131,0.0220078396039099,-0.1376757802637066,0.0049304768755611,-0.0424699989618801,0.0020581288907702,0.0460128,0.0
21,21,3347353306978449792,192.83170854804777,-8.22016297857695,85.96196447451653,13.740123150711796,1.1504875409011253,2.57821052992234,-6.571167289850663,12.795098,13.254762,12.178181,57.184414311691135,0.043260433,-8.22016297857695,0.2398103886094178,0.0,12.795098,192.8317085480477,1.1504875409011253,0.0443150077559968,25.961578,-6.571167289850662,0.0673255616599045,2.57821052992234,0.0870358100614052,8.84152273843475,0.032516794025366,0.867179152355386,1.5003193115627105,r3347353306978449792,-48.04435711129936,7.580260255224104,-40.71789847885292,2.0813850474694844,-12.232620842009007,1.0877114174158269,201.83467331632664,1.1665948689996202,2.4718988743453645,-199.1141627182821,2.087336884429505,32.70811644043843,7.578056561430622,4.578719976643319,1.0916541865421054,-8.838782790748683,0.0323086209595197,-0.19105499456655,0.0073591440715708,-0.1092753461437482,0.0047868948879931,0.040692806,0.0
22,22,4793104857191832448,259.0424073341695,-31.1414975507935,86.07260981478835,-51.7002196471454,1.3708734661031714,-3.979991433080948,19.59027258072798,12.628789,12.920309,12.17959,-0.7143043734354553,0.04854405,-31.1414975507935,-0.9023390568469482,-1.5,12.628789,259.0424073341695,1.3708734661031714,0.0288386727948412,47.535942,19.59027258072798,0.0614099736556313,-3.979991433080948,0.054662907402708,8.149836970033617,0.0038095699807028,0.7218188083274276,1.5022504370524432,r4793104857191832448,-66.80915160142933,1.5643664952737637,16.9598559207134,3.2850127551175863,-5.195502589778632,2.0042793379488453,262.03842915049563,3.1358416767751383,3.227034843997772,-259.50731167010576,3.2778064916743115,36.14778930567309,1.5803619892828218,-3.664815101280114,2.0035287827522708,-8.118676265379468,0.0024965586324468,-0.6129582752698559,0.0128946278226872,-0.3622436871347977,0.0079359674880315,0.043851376,0.0
23,23,4514582756433195648,50.17696081415663,5.270832165382632,286.04036361385266,17.73515951351827,0.4339296494115476,-0.0419223678068482,-9.148123444452215,13.431651,14.304514,12.523116,-41.37284334747528,0.08592599,5.270832165382632,0.3095369268772896,0.0,13.431651,50.17696081415664,0.4339296494115477,0.0283770291676043,15.291581,-9.148123444452215,0.0462106603380598,-0.0419223678068482,0.0374738992326701,6.767829215431182,0.1232126939349844,2.3059473548325067,4.992346138663514,r4514582756433195648,44.90209576016547,4.853210860050638,-85.51475113552678,3.708491167664002,-48.66962755191523,3.106940311982385,168.6241558463013,1.2913620217820254,3.8192339475868735,-162.852677705737,3.7971441458845967,-15.433930509898374,4.782615208544298,40.92560430787435,3.1093292841626936,-6.5303824428740525,0.0961063166352897,1.7624482245040038,0.1152561129228327,0.2267017754427183,0.013844335054584,0.10426261,0.0
24,24,4090896357340701824,9.906147702736751,-2.325997747859504,274.0758185475577,-21.489694937593256,0.6494035818969388,-1.56613820337358,0.900819342999584,13.182715,14.175791,12.19672,5.168356780111111,0.032921873,-2.325997747859504,-0.3750659319101597,0.0,13.182715,9.906147702736751,0.6494035818969388,0.0398987929451435,16.276272,0.900819342999584,0.0512701110916743,-1.56613820337358,0.0626805301283067,6.489907540139995,0.0937326306607988,1.5393386625509098,4.783525433753423,r4090896357340701824,5.679179372888676,0.8088686810783252,1.388311179287717,0.3706638351478813,12.901033184046748,1.0599036347350326,241.89380661817464,0.4063607985447353,0.3830422162893548,-240.95257799039624,0.3718218990695278,-7.104636766297891,0.808352565196123,-20.099576523694484,1.0598917598291049,-6.484333522596371,0.0931212340701559,0.2646937305815909,0.0162625532792773,-0.0474960660444572,0.0038397041046649,0.03252261,0.0
25,25,3972818089938718976,243.6007523580959,70.62141523783156,175.5671537924564,16.231722462649508,2.932872480332927,-13.056139539909488,-9.943010982151602,11.398693,11.657007,10.999578,-7.203486060022787,0.03635152,70.62141523783157,0.2832970002431562,0.0,11.398693,243.6007523580959,2.9328724803329265,0.0635678726838887,46.137653,-9.943010982151602,0.077729423369324,-13.05613953990949,0.0982079985276589,8.057975221856665,0.0014080992569922,0.3551477374135306,3.064224892033613,r3972818089938718976,-10.034296112426524,0.3403373844993161,-20.382654745197684,0.7016779544304429,-15.466933727420711,1.4625884509041784,218.85424955014008,0.7337088896029331,0.7033238547491144,-218.6666065281024,0.7016354461023101,-4.158295274499069,0.3455728785416205,8.050237018197423,1.4613806999304055,-8.050302172541626,0.0010902629150402,-0.1013364106161364,0.0021963928167642,0.3366460139537974,0.0069714428436296,0.03718254,0.0
26,26,5856689392815541504,301.2048843447527,-5.233367487474788,188.25556335797495,-68.04334331181695,0.6013409936870588,-9.932733746966017,0.3697071897395315,12.711926,13.35324,11.950221,-17.72997390768133,0.07453413,-5.233367487474788,-1.1875803748560685,0.0,12.711926,301.2048843447527,0.6013409936870588,0.0271863513926101,22.119225,0.3697071897395315,0.0414875658324327,-9.932733746966017,0.0403134132649384,7.282400238226237,0.0506249560323631,1.661648944736705,3.285679415793456,r5856689392815541504,-76.10056679650181,3.8433756420618255,-25.7172089670552,4.420419336944207,-0.2506678281178161,0.5541176656961209,223.1540833865401,4.674961105618797,4.37225318509521,-221.9314821965456,4.39995996470103,22.117160305858487,3.866113915303216,-7.415750948909893,0.5587533720595154,-7.142017250885807,0.0387890078193384,-1.4164253872983943,0.0640359441727126,-0.1366818934008991,0.0068574690519756,0.04769453,0.0
27,27,3972860799093522816,242.94279973800192,71.22779367780832,175.93955072861354,16.76691123464488,2.386757116460493,-11.337183732851116,1.055617585059993,11.095005,11.353919,10.712655,-26.30957632139712,0.037863865,71.22779367780831,0.2926378064341807,0.0,11.095005,242.9427997380019,2.386757116460493,0.073577645744298,32.438618,1.055617585059993,0.0750528560211253,-11.337183732851114,0.0951301386162889,8.0727301319005,0.0025667296841453,0.4332075113855518,3.070724444693895,r3972860799093522816,-17.137919103263258,1.3230685753527451,0.0157607733953095,2.52325152485168,-30.163111170392323,8.292010310547205,240.2670388347369,3.264217827598493,2.6327354242793843,-239.1591669094644,2.523048615379452,1.304582219385519,1.387732485228658,23.009582760597915,8.281495513302312,-8.061331439660838,0.0018906921484515,-0.1200732343747033,0.0037015521358518,0.4116911716527204,0.0122289789339934,0.037736464,0.0
28,28,3972575613264978304,241.14089929017,69.09048454766919,173.76078401700093,16.01056429059346,3.939096793562821,3.2138431160285985,2.3756170427522303,9.852922,10.106283,9.458904,4.3654439414109785,0.027939238,69.09048454766919,0.2794370619730861,0.0,9.852922,241.14089929017,3.939096793562821,0.0757386225155896,52.00909,2.3756170427522303,0.0909453938354136,3.2138431160285985,0.0893672190621017,8.048072351984857,0.0009982623636032,0.2679309681114334,3.032697791943405,r3972575613264978304,1.3762136939217604,0.3348128327358109,2.6307740859613147,0.5969180393872888,5.776663596243438,1.7726962751259243,242.3828545541552,0.5170056249197567,0.6030851495271632,-241.5759428284834,0.5968981338627313,-14.44452652691044,0.3392608072569027,-13.485832631448224,1.7718571006168793,-8.043730098694375,0.0008408164640673,-0.0793507610294375,0.0015257094838985,0.2521470580144837,0.0045597233195674,0.037688054,0.0
29,29,6074649602858825088,300.58302365048894,9.070021072221406,188.93667258262343,-53.73015021806096,3.2060212619897706,-46.75816077878568,-24.997751455077776,12.665541,13.076588,12.106257,14.359400117301458,0.07692304,9.070021072221406,-0.937768028896313,0.0,12.665541,300.58302365048894,3.2060212619897706,0.041633429289217,77.005936,-24.99775145507777,0.0429744745725151,-46.75816077878568,0.0473777321611584,7.848030604530437,0.0021554118185283,0.3146265858240066,3.297567014329277,r6074649602858825088,-47.00983657358975,0.9666692920828844,-52.06736680753526,1.237196936411498,-37.81794857163084,0.5345802362300223,192.8668992237889,1.2864475444325771,1.2160249065784663,-188.1191967588088,1.2369218175067662,29.319478775162377,0.966998853712332,30.80871291327402,0.5346208403949113,-7.843287155071192,0.0020350748216829,-0.2651662316613156,0.0034434517595519,0.064170416300101,0.0006385275963145,0.057963207,0.0
30,30,6195649276925587584,315.11112739498856,40.10335361416973,202.86949261509383,-21.81959518478516,2.184265287215744,-19.911333073923466,11.03395238267911,12.56597,12.864033,12.117867,-31.332184902298835,0.0012752842,40.10335361416973,-0.3808237774268016,0.0,12.56597,315.11112739498856,2.1842652872157444,0.0344300249683524,63.440712,11.033952382679107,0.0555424366388803,-19.911333073923466,0.0597868687964959,7.762034032944032,0.004215168972248,0.4676231440360355,3.5407405979837088,r6195649276925587584,-58.0946663432827,1.5562577143180092,4.651007498777078,1.3882051517640364,5.042619977310407,1.688324012984692,248.5244679845266,1.5359275297633883,1.3953730089527694,-245.10468709317908,1.3883860953446236,39.66407182508004,1.5563160219936494,-10.717507088947317,1.6881214646816238,-7.751906307733954,0.0039106385424908,-0.2471331792642587,0.0038954982173538,0.3099130787861122,0.0046486407697494,0.0479920999999999,0.0
31,31,400332497208456320,128.93541888915607,-13.78264326171845,21.708548168029825,48.67606782015667,1.649837031553051,-23.738318467688288,1.0015529412233015,12.612385,12.913742,12.151971,-6.385857014419141,0.04225363,-13.78264326171845,0.8495576503857929,0.0,12.612385,128.93541888915607,1.6498370315530513,0.0589636750372755,27.980566,1.0015529412233015,0.0797218000104421,-23.738318467688288,0.0782908914189944,8.383459584632602,0.0141736788639166,0.6027229675464388,0.3788856413599036,r400332497208456320,57.46689554619986,2.590150068060128,36.95202665620943,2.619420708517817,-5.697733759552103,0.7096822013323956,284.4248730952675,2.5363788969672054,2.617692411325846,-279.3654019073733,2.6193338522445404,-53.40365715784133,2.5899524876196254,-0.7280484589361578,0.7107231053867287,-8.369944976972517,0.0132214970246765,0.4578983421530192,0.0163648703056461,-0.1294016919298419,0.0051607851411657,0.05186569,0.0
32,32,400301092408075904,129.46012584705383,-13.496718926786125,22.53788121469696,48.88369816959205,1.201641592339672,23.128309190868205,-12.728050237456191,12.962109,13.511234,12.280226,44.81242069548125,0.7921171,-13.496718926786125,0.8531814836105066,0.0,12.962109,129.46012584705386,1.2016415923396722,0.0332404673679127,36.14996,-12.728050237456191,0.0619610973458357,23.1283091908682,0.0540280701833953,8.539060254861267,0.0155625000751074,0.8288224019388724,0.3933602336198409,r400301092408075904,-98.23445060533052,2.046970278479679,-35.61452640488603,2.0648668981088827,-43.97483989159417,1.0026577497946083,224.3642691977491,1.3042969215957452,2.040901067943361,-196.5432474997871,2.064771464527023,102.5391732115048,2.0467237852730857,34.580270559648504,1.003357233083265,-8.514287716387226,0.0142265082727393,0.6247662498551093,0.0172826259287899,-0.1792257006428391,0.0053727776280261,0.36193928,0.0
33,33,6004632496230560640,328.8189238357188,14.257778675780855,227.31187536752512,-41.58411608539309,2.1549339494569626,-7.092436001800055,-7.888273995831266,10.556942,10.846158,10.13009,-29.09249658762752,0.044799384,14.257778675780855,-0.7257797422216449,0.0,10.556942,328.8189238357188,2.1549339494569626,0.0465562189113108,46.286705,-7.888273995831266,0.0704432237241707,-7.092436001800055,0.0886650038749659,7.619872964059602,0.0085035961248122,0.4679714913073412,3.967340654046308,r6004632496230560640,-34.38378520466348,0.4316672450222835,-5.598485310874783,0.4755154917825438,-13.31249228784288,0.2442568854880129,234.71792894392465,0.4717628073341357,0.4749868420492733,-234.0840786592665,0.4754764178307203,16.031617695659715,0.4316680324323613,6.335417904748089,0.2443315479455467,-7.615216666983128,0.0083130423045548,-0.2328594041262158,0.0050308054206438,0.1292888286698764,0.0024691502623608,0.044124074,0.0
34,34,6004611880387348608,329.0079908745648,13.8832542359193,227.78325313355717,-41.807766074857845,0.3819943594496082,-4.37791107208241,-2.435365939296417,13.014951,13.70225,12.234284,-40.828328613073545,0.041728057,13.8832542359193,-0.7296831709098556,0.0,13.014951,329.0079908745648,0.3819943594496082,0.0289647257554374,13.188261,-2.435365939296417,0.0437469363368518,-4.3779110720824095,0.0539196813102559,6.0012706696840175,0.186979524677642,2.6214793108243315,3.975567748084264,r6004611880387348608,-66.40001094950948,2.5740730053244256,-32.892171961961665,3.948978192735361,-6.352778371248193,0.6953277414861707,213.4767356147049,3.2474348199365872,3.8719934375831446,-213.29613206259472,3.8939753949893854,8.779223839176522,2.6422980049166784,0.0438705871709234,0.7476484119893552,-5.821443492108103,0.1651890668876134,-1.3085953143783309,0.0992242515319625,0.6431357727486058,0.0476284006419818,0.04135792,0.0
35,35,340044586732845056,142.90926977257658,-16.567752188202686,39.09233470342205,42.19733257761906,4.0756612808742725,1.9126561144253933,-2.7966467843507035,10.03342,10.292195,9.651457,0.9137116731001492,0.042933583,-16.567752188202686,0.7364823890385184,0.0,10.03342,142.9092697725766,4.0756612808742725,0.0730739960941231,55.77444000000001,-2.7966467843507035,0.0784533586280008,1.9126561144253933,0.0896565796894979,8.189005461183402,0.0034152970788342,0.2415100457638821,0.6822899528663557,r340044586732845056,-2.2680427435372987,0.8821387244094134,-2.52407665560175,0.6594258312068361,-2.2015278332099566,0.3293131860613372,236.77456664413867,0.6200414912097583,0.6596754776611353,-236.67340723832345,0.6595039155283182,-4.767343983278871,0.8820632490074629,-5.016587193250051,0.329358984441867,-8.18759270881792,0.003363417106268,0.1418275471988738,0.0025428770733927,-0.054963848653261,0.0012544069908875,0.041770864,0.0
36,36,6059827052271796992,301.91450493115843,3.916226046915233,190.891821246185,-58.9399749190168,0.2308404608238824,-4.366503717153769,-2.5785322209018826,13.2582855,14.267137,12.269974,6.294871565355489,0.11769129,3.916226046915233,-1.0286966233797212,0.0,13.258285999999998,301.91450493115843,0.2308404608238825,0.0190754413609233,12.101448,-2.5785322209018826,0.0271670140638561,-4.366503717153768,0.0239978152214754,6.798446184650617,0.3234240517677422,4.3330465135961385,3.331690795874393,r6059827052271796992,-69.60471835257187,5.994199236604026,-55.56273319748279,4.234513843201983,-54.31313588202342,4.398709535720532,198.28345378076767,1.5763581759131218,4.424697899684829,-186.04165715017,4.8149041445200025,-51.998625513513886,5.536654348185447,44.73223438141449,4.401401397715908,-5.715223652287677,0.1888018984542849,-3.668576222037361,0.3031518406772794,0.3108659405983076,0.0244488049470812,0.116027996,0.0
37,37,5865587121927289088,309.2251766023749,-0.042798254386153,206.4748883283615,-62.24724618447561,0.9928780253714784,-12.946357410230355,-1.102486102273735,10.807457,11.444951,10.073698,40.92918052181505,0.04820203,-0.042798254386153,-1.086419396218577,0.0,10.807457,309.22517660237486,0.9928780253714784,0.0327106979370873,30.353312,-1.1024861022737351,0.0488974229159649,-12.946357410230355,0.035896849616036,7.404330503212009,0.0235748630436734,1.007273550195897,3.60366662401752,r5865587121927289088,-21.272801714942783,1.5565217740018014,-70.74634119047326,1.3044374992145271,8.080468659772103,0.3997200911638031,169.33614455355342,1.1803143087547925,1.300585738816453,-168.46843656354255,1.3075034262962304,-7.592327763569911,1.5539445495473831,-15.345106491260529,0.3997305351538238,-7.363094387241973,0.0209830679912254,-0.7802232047413789,0.0257047138939878,0.0142476715522018,2.478571181610669e-05,0.04855354,0.0
38,38,6869623825716256512,20.50715431075813,-17.79956566531312,293.73507360836555,-18.766382560307143,3.6700283807305687,4.986692059079211,4.175431758028647,7.8196235,8.428513,7.11696,-43.35854712640664,0.04181532,-17.79956566531312,-0.327535164366203,0.0,7.8196235,20.50715431075813,3.6700283807305687,0.0668426945622344,54.905453,4.175431758028647,0.0878280576561465,4.9866920590792105,0.11634365536657,7.7578393586986625,0.0044579467035027,0.2682725687614255,5.12664416305388,r6869623825716256512,-42.22411506032654,0.1787617169576396,-8.081684632216929,0.1723882583735649,10.116137874922854,0.1578812022113342,233.73171583191925,0.1707112293526182,0.1724266425228668,-230.61781566902,0.1723891493719842,33.67413471883652,0.1787593341486436,-17.663259402517184,0.157882927259244,-7.757006334014014,0.0044256746027739,0.0908861937143832,0.0016553218275563,-0.0682931126297271,0.0015170280741911,0.040581137,0.0
39,39,5865566574802479744,310.02314815535004,0.1475063655363631,208.04617705699405,-61.88500808350409,0.7835781634998575,-8.614808790900595,-1.292972628363603,12.847045,13.011732,12.234319,-22.923489538626207,0.04538175,0.1475063655363631,-1.0800971486804525,0.0,12.847045,310.0231481553501,0.7835781634998575,0.0321080028164915,24.404451,-1.2929726283636032,0.0446436838240616,-8.614808790900595,0.0310723921654041,7.245519339173533,0.0387240805753961,1.2763236337166517,3.631090785831632,r5865566574802479744,-54.80363237783924,7.710885974463937,-16.526207218408448,8.973200412856697,5.081024545021284,0.3502063697003534,227.13927958593783,10.191519803227184,8.916372228180418,-226.41485903370568,8.951824741707906,13.316775589314934,7.735666849362769,-12.297456138153551,0.3507489861297263,-7.1792842797721255,0.0336297562695164,-0.9772887822839234,0.0400455148391886,0.0182855291562358,0.0001346282787295,0.04265863,0.0
40,40,5521558111205276800,265.39828789774634,-3.5351511803025306,129.5746329172879,-47.09893909204775,0.6665866162024544,-7.298940411365249,-0.3608225656960084,13.66943,14.197929,12.982519,29.32301982430078,0.04786339,-3.5351511803025306,-0.8220315613525019,-1.5,13.669429999999998,265.3982878977464,0.6665866162024544,0.0178700627125388,37.30186,-0.3608225656960085,0.0278564411976783,-7.298940411365249,0.0300661723017569,8.25651538425816,0.0104232269543314,1.4993299719587836,2.2615039714697005,r5521558111205276800,-31.69938961860537,0.9047400351616488,-24.425922405060373,6.399021901985493,-44.257563346893406,1.1987439792936716,218.792750395592,6.1786269700602325,6.2818293222939205,-214.84141018114917,6.2957204667084765,-18.195702974787928,1.4594103537584144,37.18000121431332,1.198769446398216,-8.120128495354859,0.0032204423151848,-1.4924988715004168,0.0400113770421178,-0.0775024385918724,0.0024798343358839,0.04023995,0.0
41,41,4313489467068687872,44.87126572607842,2.661869714598637,285.957639640685,11.83507479125697,1.6728788184889902,-8.30226595051954,18.176094929221616,11.70306,12.347007,10.945057,-112.6219869272507,0.055807747,2.6618697145986365,0.2065610223272148,0.0,11.70306,44.871265726078434,1.6728788184889902,0.0380931131023788,43.91552,18.176094929221613,0.0649169737151198,-8.30226595051954,0.0644998709681926,7.588643297719461,0.0101573364347746,0.5986561001855363,4.990902332961409,r4313489467068687872,-105.1784563115374,0.7158672640302832,-56.562923834788286,0.6699981871135112,40.34296567548084,1.0780496681081173,210.78028706605144,0.9676675558932716,0.7056395342753244,-177.01276139597442,0.6701443788881233,104.33247826533577,0.7157448278012539,-47.005804935476895,1.078040096783984,-7.576819873358321,0.0096362320143433,0.4212827530562108,0.0095930269323075,0.0427615327399197,0.0006321576882133,0.047919508,0.0
42,42,1951276111564745472,82.216993955107,-11.21915508455461,321.53612285454534,34.95766128889804,2.427635588594603,0.969445014935356,-12.603394914299912,12.30656,12.645736,11.810008,-6.666033563708659,0.05402759,-11.219155084554613,0.6101262882882355,0.0,12.30656,82.216993955107,2.427635588594603,0.0288564618197228,84.12796999999998,-12.603394914299912,0.0396333824928421,0.969445014935356,0.0314701968842004,7.955628430870365,0.0008968143888576,0.4092695645158754,5.611864007908803,r1951276111564745472,14.462202932095275,0.2216052888902814,-12.196952584381624,0.7559368000386704,-17.195015199575614,0.2756593027413531,228.53500115006267,0.7656164322385982,0.7509775919874162,-227.8819378154797,0.7550614178070209,-14.030704792743109,0.224573637501176,10.060243095467149,0.2756561945312324,-7.9452826346021155,0.0006504063348296,0.400329546101156,0.0047585783948169,-0.0651447686416267,0.0009526530535402,0.045805164,0.0
43,43,1951207357726903040,82.0910299883573,-11.63165174223596,321.78524601568625,34.57882346204593,0.6367729773950801,-12.313663799071332,-10.274532932057484,9.902779,11.281279,8.783236,-29.40397628993698,0.1090757,-11.63165174223596,0.603514320878566,0.0,9.902779,82.09102998835729,0.6367729773950801,0.0431740375342305,14.74898,-10.274532932057484,0.061422055376989,-12.313663799071332,0.0500587097366867,7.941694924567085,0.0347051755938044,1.5674629699685618,5.61621202731369,r1951207357726903040,114.52365559009992,8.060314954255391,-42.038878147721896,0.9389489375461674,15.253296811408026,0.8614335984745459,234.76137866354145,3.6334544078557394,4.385356028627364,-217.4930543657948,1.8010021927971065,-86.25223541658497,7.906797990691124,-19.241312332741664,0.911760247891842,-7.788348632041997,0.0143502385132159,1.5235371578171386,0.1032978043532477,-0.3016262412567018,0.0214676716971576,0.26099247,0.0
44,44,1951256178614771584,82.09712920956427,-11.486104684094611,321.66526513572865,34.68593838568171,2.41548690653237,-9.42263305540092,-23.886970861645658,12.684987,13.047611,12.166176,8.668652848904253,0.05343566,-11.486104684094611,0.6053838289740326,0.0,12.684987,82.09712920956427,2.41548690653237,0.0285106681575826,84.72221,-23.886970861645647,0.0430291934431104,-9.42263305540092,0.0360288850661515,7.954661059726827,0.0009054085137427,0.4112710315091016,5.614117965918988,r1951256178614771584,46.20125118954508,0.5591146476362312,-1.6382506175638731,1.1423361657603872,-21.84032390966113,0.3445433018679473,244.69347210227696,1.151404791386126,1.116376832218532,-240.033384208348,1.1412270986316302,-45.107324145676486,0.5613623567703007,14.973278310786307,0.3445637900559522,-7.944218044610987,0.0006584100352505,0.4018509906788447,0.0047431597385422,-0.0674389805822237,0.000973050366066,0.053869657,0.0
45,45,1827675989413515904,58.47388402657197,-1.03674982846832,296.12493927302063,22.05056585031693,1.3886363980682053,2.0480968596110465,7.357299050354188,10.096735,11.090654,9.143964,-82.92142985131068,0.042210378,-1.03674982846832,0.3848549760158534,0.0,10.096735,58.47388402657197,1.3886363980682053,0.0346942675969862,40.024952,7.357299050354188,0.0471590834028481,2.0480968596110465,0.043940136120443,7.648179761663402,0.01060651728548,0.7200157217631579,5.168355187582472,r1827675989413515904,-64.37576562482005,0.5378441751596349,-57.75013708843626,0.3899337404211413,8.729889856881044,0.2420834636785519,189.66861434163343,0.5000179679099902,0.4027556385210465,-176.46988183755718,0.3910652175666927,67.65917449880689,0.5370220284433669,-15.962461484805882,0.2420834951719381,-7.623514439195723,0.0094062713688882,0.6137404830733452,0.0153339467296639,0.001970159614379,0.0003255429352951,0.03296245,0.0
46,46,3037530446603585920,228.92923832863227,7.914146616233049,117.40322484665136,-10.378719044044688,0.2374623416519521,-2.789093099934297,2.8647033976611467,13.200312,13.811441,12.466683,85.11774298214277,0.031033304,7.914146616233048,-0.1811428194580182,0.0,13.200312,228.92923832863227,0.2374623416519521,0.0225354331222068,10.537288,2.8647033976611467,0.0240274163274821,-2.7890930999342967,0.0369130015007529,11.20703303243426,0.3358893930054061,4.213285580566815,2.049072826033281,r3037530446603585920,-115.4121134458808,5.626971999239969,-15.639277236421108,4.5704168087037385,-7.0596449975718345,1.7427933701743947,246.5903684974005,6.420564490759947,4.776678869243535,-243.74893877128608,4.662548259527481,37.28346516572857,5.54381827534293,1.7910635922547182,1.7650991683718915,-10.740363375416276,0.2600634489983801,-3.144575431101642,0.2984236103810994,0.5948355337412844,0.0550270194490789,0.03970894,0.0
47,47,5453909043383677952,273.5199493947289,23.34779414472784,160.7108065232314,-32.07873743376501,7.130742604181873,-87.30175343071825,18.41846695248517,10.000407,10.362457,9.508544,66.537153699708,0.052635584,23.34779414472784,-0.5598795881019559,0.0,10.000407,273.5199493947289,7.130742604181872,0.037154159034468,191.92313,18.41846695248517,0.0543730106824983,-87.30175343071825,0.0583386830477108,7.993439719033176,5.450371600311537e-05,0.1468298003698786,2.8049327173659693,r5453909043383677952,-51.170897180909726,0.291471409207894,-72.4068722520079,0.3769691978464664,9.141773820523923,0.1942367712408621,172.20423503260523,0.3504004371779073,0.3715717301990396,-167.2958352197744,0.3769496028529342,37.52925785865047,0.2914904328063043,-16.061036263634133,0.194246251711912,-7.992094971971282,4.118851077006901e-05,-0.1285117300870992,0.0006696000013589,0.0705778721593683,0.0002895840188924,0.052239437,0.0
48,48,5954417113013420672,346.3535240527024,-9.969559280625312,268.5954542475837,-45.69185459573626,0.5150961808993091,2.104916604538783,-8.804716299336285,13.255873,13.889031,12.509983,-65.00378261046438,0.052768454,-9.969559280625312,-0.7974733040381001,0.0,13.255873,346.3535240527024,0.5150961808993091,0.0206706876169082,24.91916,-8.804716299336286,0.0365067799554134,2.104916604538784,0.0406474571281811,6.1668181158115125,0.0762901750095217,1.9388444135851248,4.687875032510124,r5954417113013420672,-86.38191168930041,4.981423669928332,-43.04654795625365,2.6113664588158807,-43.01718461620016,2.3564782386594354,213.015896221744,3.017158296032972,3.0051833854979777,-201.021317248058,2.6297896732891144,62.499940836954025,4.966493963329963,32.55701845049154,2.3674776107273505,-6.1419080008381775,0.0745647913970043,-0.4511154973474365,0.0181031579549565,-0.3211021500925213,0.0134876995977801,0.054056183,0.0
49,49,5954401818608066176,346.4075029226303,-10.401944911788467,269.17593403491963,-45.852614229540144,1.1702179393846908,8.73295025079173,-3.692742257345577,13.504584,13.817706,13.014148,-12.93963814340998,0.036976323,-10.401944911788467,-0.8002790889522784,0.0,13.504584,346.4075029226304,1.1702179393846908,0.0281270052047527,41.604782,-3.692742257345577,0.0399398738000132,8.732950250791731,0.0498574386360131,7.1871085949812015,0.0198273769787384,0.8519611418727158,4.698006316040414,r5954401818608066176,-18.627505799384277,1.5688870806267112,8.061453586382411,0.4337147929239813,-35.077695443272646,0.9052428281029404,248.81708554284072,0.4820001915701666,0.4450688510137519,-247.2549839378144,0.4356906351652688,1.2701641758232278,1.5681431025830392,27.80830197820324,0.9055830450272522,-7.183043260549475,0.0196361256217495,-0.1975293969253011,0.004747756967673,-0.1392896639300824,0.0037084597956879,0.038180947,0.0
50,50,3425361251787326464,187.1784565457748,1.2875672136064895,91.67273194147698,23.381282595423208,1.557886754223978,1.8127118281193744,-1.437893781603497,12.523043,12.791797,12.104102,19.115261161473164,0.03883455,1.2875672136064895,0.4080803646293803,0.0,12.523043,187.1784565457748,1.5578867542239778,0.0401279581235787,38.822975,-1.437893781603497,0.0585092128224249,1.8127118281193744,0.0711606184709602,8.637125441990403,0.0164198019844643,0.6424072948597487,1.5999910066769474,r3425361251787326464,-17.999913314450986,4.105708128602767,-8.942704283913441,0.600835328093584,3.3140678889094133,0.2643735093796743,230.48293475574687,0.4843645724145976,0.6125155173831267,-230.1914386962916,0.6020175000145986,4.798862281100852,4.105511229837503,-10.547781063348491,0.2647416714010322,-8.636703048011807,0.0164001607809417,-0.0801910881660101,0.0020655574733432,0.0294236388002254,0.0003715232652153,0.0352809,0.0
51,51,5870516438745098880,309.95379288160854,2.262025258207302,206.93094648814653,-59.8401423975911,0.5956032670625953,-18.02249408506436,-5.621046519025456,12.353008,13.120362,11.4964485,-68.02464319315435,0.43306386,2.2620252582073017,-1.0444075097002183,0.0,12.353008,309.9537928816085,0.5956032670625953,0.0292417123864846,20.368277,-5.621046519025456,0.0456830786722855,-18.02249408506436,0.0265705131494483,7.041566563770273,0.0635689096226735,1.679628890024869,3.6116263404863536,r5870516438745098880,-157.97325768172328,5.605661474810558,-45.39267295297986,4.78514742018884,-13.573724182902556,0.6469554261971364,243.1594620166006,0.5104903245937527,5.098332248568034,-217.25514413100368,4.814774643167653,108.94606779731066,5.579868241295174,7.581598005912975,0.6501101998095551,-6.9226566539875805,0.0528932025859377,-1.2860326624746634,0.0631390042925285,0.0812681613995664,0.0032534988022884,0.43995926,0.0
52,52,5870539769009627264,310.0292729511495,2.5089341539010097,206.9707438351226,-59.582754584288914,1.138899237487055,-21.107259836589837,-8.072376834269722,13.023225,13.643936,12.278722,79.01300821612118,0.13413909,2.5089341539010097,-1.0399152449035864,0.0,13.023225,310.0292729511495,1.138899237487055,0.0220539743659924,51.64145300000001,-8.072376834269722,0.0317805345624668,-21.10725983658984,0.0194077432858742,7.46627070488908,0.0120561173873175,0.8788252054258281,3.612320935224645,r5870539769009627264,-19.46383116474921,1.4463441222312885,-120.88039544634483,1.3054263370222854,-9.894177285784004,0.2680328148909361,118.524646643268,1.2294022964156064,1.3058546953638286,-118.47274882144356,1.3066278884196862,-2.322769783434007,1.4452229893158612,2.627620432226287,0.2682254714221125,-7.435804031062071,0.0109252539880594,-0.6716853453469481,0.0130067093740264,0.0534363843471066,0.0007442932677546,0.1152706999999999,0.0
53,53,1818407686190692608,63.6501191059056,-10.64575123253108,307.82312842483844,21.257412476446728,0.5889582622394393,3.5065853201656507,-2.11442861753498,11.937695,12.54379,11.217934,4.926036257289875,0.045124743,-10.64575123253108,0.3710118381685169,0.0,11.937695,63.6501191059056,0.5889582622394393,0.032961405885321,17.868116,-2.11442861753498,0.0587513778455572,3.5065853201656507,0.0527649329391189,7.417770749583667,0.0581423489193928,1.6952062442856453,5.372527104802778,r1818407686190692608,-2.816032070406388,0.4724368781303237,-0.2092520174408045,0.5476677233104033,-33.201230053308656,1.9016032305784625,240.41906061642783,0.4738063644572698,0.5817960715421555,-235.6302008484161,0.5448084836226221,41.09064826571266,0.4814723330341555,24.316491953490463,1.9001577550865187,-7.259349917669625,0.041450930478267,1.4953127745714474,0.0836860851577923,-0.2986659880409733,0.0175545070119681,0.036168437,0.0
54,54,1818392533542265600,64.18233210090231,-10.953632339028712,308.4158837587148,21.50929902703834,0.5127794225148282,-3.243665591892569,-5.702203325275421,13.371193,13.966091,12.65467,7.166875255121559,0.040534694,-10.953632339028712,0.3754080878178319,0.0,13.371193,64.18233210090231,0.5127794225148282,0.0271366254017538,18.896212,-5.702203325275421,0.0302756954601699,-3.243665591892569,0.03815524321105,7.37908062037781,0.0651025102870413,1.9473617258422715,5.382872637037679,r1818392533542265600,56.96867328002553,3.889215573132181,-20.611769613563755,5.424077715753791,-7.643107276907897,1.208853085595288,228.8271542094928,5.74632806690797,5.30618963584685,-228.32839223168003,5.3515394981013,-15.058466626216816,3.9842315479874952,1.1199943652553703,1.2226473717580395,-7.1661633194224965,0.044127187351047,1.723517498592596,0.0912096833045648,-0.3555580310497904,0.0196101755193166,0.044874936,0.0
55,55,961718567137829632,170.51445093429913,13.099168320591229,95.1087846862008,43.47543437356953,0.9515716061619024,4.310891237382337,-1.7877900585934148,12.23808,12.500339,11.817986,-18.862373506368645,0.03529961,13.099168320591223,0.7587894735535067,0.0,12.23808,170.51445093429913,0.9515716061619024,0.0381002757811764,24.975452,-1.7877900585934148,0.0654838591645268,4.310891237382337,0.0740813201384778,9.014687946599642,0.040792991479373,1.0543938415248924,1.6599614403445655,r961718567137829632,19.02905695753912,2.020259279151996,-20.429500912278108,0.8325466123488799,10.804595343169767,0.8756468047038872,221.4537632045708,0.7099631199776852,0.8696784995204211,-219.17617431144365,0.8332593427194204,-25.513536706804327,2.0193184066736865,-18.77853286005945,0.8771378361244655,-9.009553275095202,0.0404218221181062,0.1686795337987848,0.0067538130759236,0.2531714294062334,0.0095362210103929,0.034820486,0.0
56,56,961638268429202688,170.83200848894722,12.707677699653406,94.80403497256395,43.02843145081256,2.478851579995479,0.8149595268211964,-9.209309241973056,10.391689,10.888789,9.764332,-32.911493967905194,0.04063761,12.707677699653404,0.7509878007853598,0.0,10.391689,170.83200848894722,2.478851579995479,0.0392356673429399,63.178524,-9.209309241973056,0.0594846603144358,0.8149595268211964,0.0684844805457851,8.389379643648775,0.0061734472262462,0.4069754078175735,1.654642554447093,r961638268429202688,27.7073501655834,0.5780420053715023,-21.11176257343301,0.2882764546802736,-13.501733368091063,0.1945672434695452,221.4841915889804,0.2783258884490809,0.3012871315365203,-218.25221218671743,0.2883007781216742,-37.25153917386,0.5779906861118853,5.791530765403018,0.1946836270224649,-8.388503863918759,0.0061493025597728,0.0627011830875268,0.0009924445583932,0.1037414667714856,0.0014046144181721,0.04352923,0.0
57,57,3341012041166337152,192.6296663952327,-10.86931071229992,83.52330274755423,12.549141015236357,1.51274166892345,9.215163473252025,-4.305306247580034,9.689125,10.575622,8.793152,-6.452684753124149,0.04592603,-10.86931071229992,0.2190238290129383,0.0,9.689125,192.6296663952327,1.51274166892345,0.0761435808738526,19.866962,-4.305306247580034,0.1169033442740556,9.215163473252025,0.1570442736214043,8.635347018330338,0.0320765416278278,0.658387676176315,1.4577566350848477,r3341012041166337152,9.070086361917408,6.497508412795723,-25.13221452481234,2.1128868732716866,18.53300565905045,1.6095446450879092,216.43763691742424,2.5998270857016976,2.183019742381121,-213.58729916889232,2.1152998378536543,-24.00993520487836,6.496231603374741,-25.4801750306861,1.6115278556133257,-8.633483987177861,0.0318863029960002,-0.1419448788680394,0.0071447700461701,-0.1096540992996748,0.006274441754511,0.039220758,0.0
58,58,2030366727431116288,66.58052765447084,1.1181972288512585,298.64216137898694,30.128776894437767,0.4722553585147374,-4.35353970572676,-0.2336188891052907,12.875764,13.874678,11.893872,-2.4189321130103925,0.04247156,1.1181972288512585,0.5258463564067312,0.0,12.875764,66.58052765447084,0.4722553585147374,0.0307676176460836,15.349104,-0.2336188891052907,0.0484572966404595,-4.35353970572676,0.0427808667581642,7.417674937514935,0.0860745653351424,2.117844297151664,5.212289001335572,r2030366727431116288,21.745195059813124,1.6239725259724338,-12.45503149413433,0.8327427460715566,35.954533868179226,2.406245950209012,233.03286235114652,0.4530094874661058,0.9525036667370732,-227.3165716874236,0.909284447604506,27.98334993638937,1.5824469966508417,-42.99329364194408,2.4062065820042657,-7.1585398132287095,0.0548214537414787,1.9426880723335087,0.1265668726410002,0.0563229497608507,0.0026922060180509,0.033096697,0.0
59,59,2070611846601763328,82.21020906357666,2.912253519544658,307.57721678217507,44.17133910803558,0.6772580876211591,-5.970243007931772,-4.434283007343729,13.326338,14.410786,12.291612,-31.239617903621077,0.041727837,2.912253519544658,0.7709353024501561,0.0,13.326338,82.21020906357666,0.6772580876211591,0.028428162024141,23.823492,-4.434283007343729,0.0511853818285955,-5.9702430079317725,0.0461336375792971,7.936291446975125,0.0195714098851466,1.4773800350892985,5.3682351369693135,r2070611846601763328,45.23792307823066,2.106428077137576,-38.13789480748208,1.851545509955572,13.566488824807696,0.7317263631214327,209.726053276561,1.85296358659419,1.8634694181440643,-207.8794351230429,1.8607565133697104,-18.142902791017207,2.098177222809701,-21.02362847377287,0.7320662741253918,-7.800129385203129,0.0083896439557743,1.4610271283796694,0.0613271612202231,0.090017973537703,0.003148907551541,0.043242373,0.0
60,60,2871995466347022464,106.1687965219666,-27.66447523491997,355.1490423783974,32.89081193862397,1.105842401126448,-8.016093453123807,-3.4665670200864858,11.656879,12.160731,11.019289,-28.77972017906333,0.03602926,-27.66447523491997,0.5740529619832474,0.0,11.656879,106.16879652196656,1.105842401126448,0.0362133223537129,30.536894,-3.4665670200864858,0.0313953314540658,-8.016093453123808,0.0515869968641568,8.268846224485205,0.010279661853282,0.89742193424608,6.198520124807907,r2871995466347022464,43.55133358768349,1.2678397060588067,-15.456733834919294,0.5082062857446331,9.695815124518516,0.2738602826761155,230.8274118979052,0.6919078517938273,0.5769872530476714,-227.74138544972385,0.5195934753214769,-34.37504479042536,1.2617718809607488,-15.281090686915102,0.2804370595645352,-8.223028234757331,0.0073035663590215,0.7692316347576776,0.0251902378908403,-0.4048545746994045,0.0137490921308343,0.04500022,0.0
61,61,1775832332511995008,74.06916531730502,-29.562976186152657,329.75878247230133,16.516762511563226,1.1360134510144506,3.1153478650813238,-11.107920256487784,10.269931,10.846428,9.584608,1.159991313994201,0.05645632,-29.562976186152657,0.2882718875967463,0.0,10.269931,74.069165317305,1.1360134510144506,0.0965206354432149,11.769644,-11.107920256487784,0.1339827101665314,3.115347865081324,0.1088567330433267,7.8357849432801405,0.0256038860839386,0.8729680744798977,5.755376491509423,r1775832332511995008,16.540977087144686,1.6786620507007377,-25.348633223768392,2.395384884590184,-37.446755702808936,3.282306086150009,217.6165545480013,1.694982484493761,2.405768140356518,-215.3839792441165,2.3899821776320294,-5.780405192613149,1.6930644855789243,30.54984802126516,3.2788452399032137,-7.789840776142165,0.0178560401841167,0.7362655976170408,0.0625563220871327,-0.4193081557211042,0.0369007067046061,0.05199028,0.0
62,62,1775774878734033664,75.08372352477382,-29.84044192976373,330.62208818189185,16.929095412126767,1.0371839187302925,-11.65482525755399,-12.652591530290952,11.503577,12.0690775,10.817529,16.270678223945232,0.044704016,-29.84044192976373,0.2954684543258785,0.0,11.503577,75.08372352477382,1.0371839187302925,0.0451402357365855,22.976927,-12.652591530290954,0.0768418959496181,-11.65482525755399,0.0838561858945629,7.840346344637723,0.014165616031143,0.956773835155156,5.770444018593046,r1775774878734033664,78.69725155977848,3.336724215266247,-8.561751517422046,1.0824435479599124,-13.367047732989151,0.5044735318900341,247.4664170026579,0.4205809968416955,1.5757050121508067,-238.5581590469397,1.1304407957198837,-65.03719330566564,3.3150660717531326,9.989783941098429,0.5406908681726074,-7.784725914514786,0.0093691415681381,0.8081355351817454,0.0351716102674184,-0.4647474545734753,0.0208795304308077,0.06990652,0.0
63,63,219871062491463808,159.06158016862818,-14.569850845189732,57.37764888062868,35.52133956329349,1.1104854505032815,-2.36747618203381,-10.667868828169135,11.91865,12.632444,11.112318,-14.846143295627371,0.0471814,-14.569850845189734,0.619964330098396,0.0,11.91865,159.06158016862818,1.1104854505032815,0.0388807487619562,28.56132,-10.667868828169135,0.0496043345271,-2.36747618203381,0.0758892036085322,8.822033330556074,0.0290491402501168,0.8968511774142055,1.0014288900202093,r219871062491463808,15.191565107024836,0.5417935363043753,-29.00409181029052,0.9304317725969524,-36.38571311363496,1.410654698956387,213.7101386835641,0.7338215345225167,0.9369842618245502,-210.8733554025725,0.9300482309571304,-18.1523132083334,0.5433495271344423,29.57946724664093,1.4103091074594718,-8.813995628188318,0.0284999317177701,0.3114602838353922,0.0109049686690115,-0.2115316603081742,0.0079314146503038,0.049576305,0.0
64,64,5886896718103976320,323.4836974406033,2.0761005943396387,230.2554874054711,-54.7140445807833,0.653961372538802,-0.1976806000781604,-2.1060065030831963,12.054666,12.8774185,11.175416,-3.945012057188084,0.036155958,2.0761005943396387,-0.9549402250176292,0.0,12.054666,323.4836974406033,0.653961372538802,0.0398618692859307,16.405687,-2.1060065030831963,0.0776921015122378,-0.1976806000781604,0.0790999138505499,6.8329954856442185,0.081602058766269,1.5297591532781731,4.018716376009807,r5886896718103976320,-8.541256227453019,0.6396667290358324,-5.583645163051318,0.7454354908492261,-12.103491455461835,0.9704304083115024,233.56080850849963,0.7374285326227519,0.7455355116770203,-231.07878648778583,0.7436930202581089,-33.659070026715945,0.6417355661835996,4.506962548431427,0.9704014258764482,-6.771854014987245,0.0748609883922683,-0.909321123591244,0.0554271877355863,0.0703960277725938,0.0033766355487608,0.033971325,0.0
65,65,3343578821000248064,195.45625930062843,-4.824329870537642,90.32599367271575,13.1774952850667,0.5271717358178757,2.9039859010323745,1.5284319924530445,13.175109,13.926812,12.342074,17.25112738445722,0.034550164,-4.824329870537642,0.2299906798904427,-0.5,13.175109,195.45625930062843,0.5271717358178757,0.0225783640044221,23.348536,1.5284319924530445,0.0357955272309864,2.9039859010323745,0.0420266990558234,9.83580574010771,0.0791223024175296,1.8957124616184549,1.5764859897244552,r3343578821000248064,-18.41292954901785,0.7399859159706171,-6.0987674115246975,0.4199206221565813,28.14263853352753,1.3796824780714847,235.767624027132,0.4286470936538585,0.4643411831488034,-233.0499853754953,0.4210787485309031,-5.149695922176775,0.7395256385980682,-35.3207798298624,1.3795762909083658,-9.821834301250018,0.0780277757978582,-0.5037418936741659,0.0215748817072043,-0.1445324201759802,0.0068326520723867,0.032138202,0.0
66,66,6076373121691401856,298.89171611694434,8.89614751075935,186.09680928612943,-53.763265969398375,1.7361075395114962,1.7556336848018177,2.960864636030471,12.091023,12.417193,11.612963,5.866539599588469,0.04430774,8.89614751075935,-0.9383460077914229,0.0,12.091023,298.8917161169444,1.7361075395114962,0.0334803607802884,51.854504,2.960864636030472,0.0410053222836636,1.7556336848018177,0.0428434956624448,7.741800001008259,0.0059323408298525,0.5785106897572208,3.248002049498917,r6076373121691401856,5.694184278192044,0.2898690207699342,-1.9837921566873868,0.4820075218526839,9.29420212881665,0.2504376022617056,238.26532904165535,0.4611969850259932,0.4803922082830003,-235.5236701818636,0.4813697852417999,-31.794335849918376,0.2909200386146267,-16.97315572472174,0.2504455109200521,-7.725049539840508,0.0053023446954423,-0.4982421456261982,0.0096084639988395,0.1040751024177278,0.001717789075627,0.035215866,0.0
67,67,5653431985339672064,248.0168250289216,10.103742658263716,130.06701756522045,-25.063908991126965,0.4993404168749064,-11.016805720331526,2.251220456271308,12.206127,12.912413,11.413767,100.35283880228508,0.058541454,10.103742658263716,-0.4374477353153758,0.0,12.206127,248.0168250289216,0.4993404168749064,0.0310885645994336,16.061869,2.251220456271308,0.0413465406079078,-11.016805720331526,0.0451699400454013,8.934754908589348,0.0691253331736665,2.005327657765525,2.270097704762395,r5653431985339672064,-115.36609774970408,4.834522909617718,-74.27328726539395,1.1438852159694486,-51.36056104805448,4.221998779880541,199.94602596278816,4.34264193119811,2.8482087755642858,-182.6666615726733,1.494606444254593,66.43895214530222,4.737031473765491,46.87397663992921,4.222918805943657,-8.73803164134763,0.0459493034873037,-1.8282379275089429,0.1138247395798832,0.3663255270751593,0.0218732671636359,0.09558314,0.0
68,68,708992933274423936,191.4499288525732,33.13595372197016,126.84339164835907,31.47806028106193,2.5030771099114024,-8.78351118025768,-21.90082724855361,10.87939,11.359283,10.265009,83.79616087492293,0.059301674,33.13595372197016,0.5493957940457823,0.0,10.87939,191.4499288525732,2.5030771099114024,0.0918586355591934,27.24923,-21.90082724855361,0.1132504045403737,-8.78351118025768,0.1385303165339546,8.331414996114077,0.012271481984255,0.4079011184930897,2.2138348186605428,r708992933274423936,-74.95071363627972,3.156927802727071,-52.76251696465274,1.6187463750368778,24.83879990366785,2.27527564771586,199.551520153936,1.6161870746963845,1.8543264276800409,-186.82071346239115,1.6188906467628696,63.237371836661815,3.156258590970416,-30.32927662081072,2.276101278977755,-8.327880782187913,0.0120326621815213,-0.0664097543496803,0.0024371240495258,0.2333822179750872,0.0080142527348236,0.05136983,0.0
69,69,2946805069273351680,226.74857784126155,-10.565735014929947,99.49370559535387,-17.010703691768665,1.6766399931062104,3.8133651038990655,-9.821649071760524,11.326983,11.668111,10.839531,11.295050457135837,0.053900395,-10.565735014929947,-0.2968927875025178,0.0,11.326983,226.74857784126155,1.6766399931062104,0.0308365517326559,54.371838,-9.821649071760524,0.0603869535859057,3.8133651038990655,0.0525680609935522,8.413121411660182,0.0078001109928796,0.5938636036780458,1.73649274764883,r2946805069273351680,14.425392723654994,1.253140327561188,-28.07590837081719,1.3269737320568455,-4.293941367927296,0.3338592767206645,212.5629568871059,1.4451123305181883,1.325817965727903,-209.43630852519783,1.3267887530824498,-36.23453897014769,1.253262930691173,-2.5498034333346946,0.3341341258099372,-8.401746119222597,0.0073888640613003,-0.4270474623795055,0.0078542031802356,-0.0943636600513352,0.0020114026712423,0.04389291,0.0
70,70,5653435837928696576,248.0377742238068,10.27842696634249,130.23547294318703,-24.976510195661845,0.3909678170347467,-4.434546921027576,1.3392932554811967,12.886575,13.404153,12.230675,70.38708581545929,0.036091197,10.27842696634249,-0.4359223385722323,0.0,12.886575,248.0377742238068,0.3909678170347468,0.0312660326874904,12.504555,1.3392932554811967,0.0454493795629901,-4.434546921027576,0.0447158696470977,9.25288195136737,0.1216808138952542,2.5604742991722844,2.2730378057506035,r5653435837928696576,-69.82471740100935,3.542738614958223,-53.36837420615862,1.969516251280785,-19.61676813660373,2.500148335707646,195.1674597440996,2.5259003676412224,2.161863991633663,-194.5228204642031,2.105290038995816,9.270366032133111,3.461622377949116,12.855737055742017,2.503129485804489,-8.941237235576137,0.0752715514985501,-2.3340731608423693,0.1866578387330686,0.4713847504131887,0.0364974811295599,0.035864335,0.0
71,71,3787457884242916224,265.0787522633278,53.20352826566831,171.25929004742974,-3.1973379527516075,1.5484582597475358,7.440843599730545,-28.30387493972867,12.8821745,13.2511635,12.364514,-3.655373000223534,0.58240354,53.20352826566832,-0.0558040745744904,0.0,12.882174,265.07875226332783,1.5484582597475358,0.0403645837332124,38.361805,-28.30387493972867,0.045288318587053,7.440843599730545,0.0687948950632927,8.060008907343509,0.0022325301480096,0.6578765306927555,2.989038485955605,r3787457884242916224,62.17392863944139,1.6352568363882032,-51.11515274342715,2.4564121473069163,-39.50335519280094,2.867541472413773,204.3040169542383,2.38917478089908,2.378303206975412,-184.2376133331948,2.4548411731426056,-84.14713998500945,1.6449721054330977,26.75615834287721,2.863326953282688,-8.033183878551272,0.0008650239268276,-0.385393792041582,0.0100462895213326,0.5321390653733669,0.0134805720300021,0.11326796,0.0
72,72,552684642284557696,134.7732682953735,23.207121750293982,85.35952225469087,78.59451250791896,1.686261643624864,6.581033524643715,-1.2771627674191153,12.863009,13.194783,12.376741,-72.83840771047382,0.04180827,23.207121750293982,1.3717330172630515,0.0,12.863009,134.7732682953735,1.686261643624864,0.0262957545412482,64.12676,-1.2771627674191153,0.042462619606938,6.581033524643715,0.0392708552802699,8.39648339297527,0.0063631965675473,0.5990972674963236,1.4898047112737294,r552684642284557696,44.32450643889258,2.2041266968312097,-58.999109088943214,2.2178706528839016,-14.662097052385962,1.3911621246408667,188.56283400508372,1.4248529047464198,2.2156464852674302,-182.44460599551783,2.2178415316679287,-47.26234014818162,2.2035742735435635,6.014924345874594,1.3920833836479851,-8.383875989536746,0.005986205541293,0.3869262354035458,0.0060337714198783,0.2486862459710744,0.0036441297155473,0.0392567179999999,0.0
73,73,552460582429843840,135.1650220026842,24.049166034351757,89.97561345245126,78.5510998149099,6.140910180811547,-7.328719364139238,-77.38355855936238,13.676368,14.498059,12.797731,32.51417803355893,0.055744756,24.049166034351757,1.3709753228328865,-1.5,13.676368,135.16502200268422,6.140910180811548,0.0170355776534955,360.47562,-77.38355855936237,0.0332401594166112,-7.328719364139237,0.0282220501638612,8.106540531478254,0.0002981120350265,0.1695094833173574,1.5703707012469772,r552460582429843840,-66.78013862589849,3.5642974288335747,-11.568594349351027,3.526210873109834,-7.965828218709168,2.2772285387072606,234.2268770841044,4.264255838212256,3.528364519776789,-226.77218120975311,3.5262172794018287,58.6080801575576,3.564184848973324,1.3041158646133568,2.2773948188944817,-8.105454120222825,0.0002925416267364,0.1048484099774737,0.0002908613181801,0.0813615657896463,0.0001840944703522,0.0546827,0.0
74,74,418657851356587776,120.1846415928605,-6.619475778889038,7.956462196109091,56.147623388358014,1.5622681801111336,2.8608949321749733,-0.7788910966358868,12.997201,13.327802,12.50512,5.511806419018444,0.049210843,-6.619475778889037,0.9799608952966222,0.0,12.997201,120.1846415928605,1.5622681801111336,0.0259377838172847,60.23137,-0.7788910966358868,0.0304187308340948,2.8608949321749733,0.0299368241713538,8.338028632724049,0.0059061028686722,0.6385397111478675,0.1388664621325624,r418657851356587776,-9.940932503580322,3.7526909108422033,0.1069098706125155,6.343926497165848,-3.532031056412912,0.8274615760314951,239.21861253669047,6.3121359668934405,6.343124860124298,-238.7430865126701,6.33496016577042,14.583691603424413,3.767718211670957,-3.8208854470151152,0.8278673257921026,-8.31968678233833,0.0053076461231803,0.5496157141202426,0.0091250745274856,-0.0587868242301192,0.0012250564402512,0.034759976,0.0
75,75,886139340435252864,188.4008205406961,17.42711182225721,108.51243296948071,29.282373475990216,0.95822114023236,-1.2561005710416484,-7.974694276338216,9.230934,10.123353,8.339802,62.90126100437072,0.046247914,17.42711182225721,0.511073829954686,0.0,9.230934,188.4008205406961,0.95822114023236,0.0429055225000729,22.333282,-7.974694276338216,0.0667528509535481,-1.2561005710416484,0.0805520517102612,8.992159430913299,0.0446853198134634,1.0481905262581537,1.8938992346670864,r886139340435252864,-60.15144548404165,0.2955614368932248,-43.96744191201815,1.5906613806788494,0.0225051317200151,0.8388634698965615,201.3152849601861,1.568866997643416,1.5436300823186464,-195.8810374309248,1.5904601456655731,46.12098881545915,0.298016212260146,-5.596206239036428,0.8383763918240965,-8.985014240726603,0.0441052163158696,-0.1454686623615346,0.0065135371199333,0.3275502910606023,0.0139948212186731,0.045294978,0.0
76,76,2013206241442551552,108.13297141163208,-1.2729121952155051,343.8504755899428,58.225114622602014,0.8641486450693862,4.084292386237633,-0.4338934899405587,10.969932,11.985482,9.996999,-22.846162952605,0.047925923,-1.2729121952155051,1.0162199575155009,0.0,10.969932,108.13297141163208,0.8641486450693862,0.0357248867726629,24.188982,-0.4338934899405588,0.0508039761369042,4.0842923862376335,0.0650788460354218,8.43205592131401,0.0206862994347625,1.1569722903591335,6.001322933592893,r2013206241442551552,-10.986267897507783,0.810535803327646,-28.004934206622767,0.3441453377969613,-11.159421159191046,0.4850668911435245,211.111297443954,0.338788154331745,0.3442037800510939,-209.2878641843673,0.3572003462642221,27.414543314773827,0.8048674111216667,3.8746133301078536,0.4850675767664197,-8.360061386219236,0.0148853467829685,1.0994662517161888,0.0454531839829144,-0.0107070140513492,0.0010627571674014,0.03365579,0.0
77,77,2013209913629967360,108.30452939423,-1.1843101695214064,344.07261496756985,58.378884367796495,0.6145092857697751,-0.3948163388442389,-5.826288165873108,12.366018,13.171238,11.490366,-22.76792850403107,0.045834307,-1.1843101695214064,1.018903745859097,0.0,12.366018,108.30452939423,0.6145092857697751,0.0438238849481498,14.022245000000002,-5.826288165873108,0.0598630326507435,-0.3948163388442389,0.0605620056619254,8.650029430153028,0.0555306374822932,1.6270737945940883,6.005199997130816,r2013209913629967360,27.99013001284953,1.6140443450612136,-15.342644881453284,1.206067624528815,-39.09596183444986,2.5988903842618103,229.34822350527463,1.4879900687946508,1.2610319508186447,-227.1215941659553,1.2211827095860852,1.5598431358064688,1.6026448383921097,31.84267542045096,2.598886646999495,-8.510977500591169,0.0364404895345878,1.5446436115680768,0.1101566493571503,-0.018634381833961,0.0023986444369953,0.04259874,0.0
78,78,418639434536970880,120.45589419909086,-6.857130343821272,8.468292331015434,55.93015308723553,0.3716010574931345,-2.8506416387406377,0.7748605903313661,13.676164,14.418031,12.841422,-46.224382692882656,0.027535174,-6.8571303438212725,0.9761653225167312,0.0,13.676164000000002,120.45589419909086,0.3716010574931345,0.0241135865972867,15.410443,0.7748605903313661,0.0256701861130797,-2.8506416387406377,0.0280967531883381,9.638503281275852,0.1216637575895796,2.689308330035191,0.1477995831976048,r418639434536970880,53.50629297819825,2.8376346184567915,-19.902272496317707,3.5636264161721694,17.249114951371162,1.0539483350784304,229.8109134907733,3.207554665009277,3.4929134657736496,-228.26755405066848,3.526161165139277,-11.106430480962429,2.882796005090844,-24.15837182345673,1.0573954725716428,-9.354272888073044,0.0878802035258208,2.303151509663952,0.1494539432950334,-0.3062962000411073,0.0208492510633222,0.029064303,0.0
79,79,3277765490933644288,179.0252927382147,-36.2224770109481,55.34226355769578,7.531263877093624,1.406315623459937,-7.253961011785996,-7.7186720554446,12.555397,12.9681225,11.980462,-26.00643205072958,0.037690226,-36.2224770109481,0.1314453514917972,0.0,12.555397,179.0252927382147,1.406315623459937,0.0735885187321155,19.11053,-7.7186720554446,0.1576235671711269,-7.253961011785996,0.1331412476541709,8.583138872892638,0.0310180544520113,0.702318352479625,0.9659047145882622,r3277765490933644288,41.81998075560155,4.495247867599471,-3.552118528059612,0.3815492060001272,-13.762672273357046,3.6105547643488647,241.48772683922013,0.8423244841205677,1.0575334580970823,-235.58796174099265,0.3815832620593207,-52.2857200617342,4.493467031170191,8.990994067639694,3.6127672424364574,-8.573563865195688,0.0300129747077504,0.009758324372652,0.0005106255124466,-0.4051917273056251,0.0219874445537587,0.050965443,0.0
80,80,2205914753921362432,107.02038996522276,6.052485113679249,334.31815213259165,64.0527083202193,3.581303266920951,20.98686718561997,39.60428234980158,12.035422,12.414515,11.513138,-10.351455387913262,0.058247123,6.052485113679249,1.117930655007393,0.0,12.035422,107.02038996522276,3.581303266920951,0.0276804875988323,129.38007,39.60428234980158,0.0472056731083501,20.98686718561997,0.0535738581187239,8.085760376024059,0.0006964982735228,0.2812054444525437,5.834952503897027,r2205914753921362432,-45.66491459976054,0.4530604095638428,-28.21989531639512,0.8396040020602541,27.28917541293262,0.261398945597622,216.44784985458944,0.8632113547344941,0.8221814752242186,-209.6113761467171,0.8392830835694252,41.659538182304566,0.4536500497950233,-34.31072099200871,0.2614068891679609,-8.081277772280687,0.0006282093975276,0.2655096352584439,0.0020521680568148,0.0444416393461101,0.0002275593190715,0.04215318,0.0
81,81,252695161069968640,159.28708456966288,-2.774683923697278,68.16619736439429,43.93526394908521,2.0193196272289966,-4.4751846855741615,-7.328392027444856,10.8622265,11.337281,10.247263,-2.5234792418741847,0.0411053,-2.7746839236972787,0.7668150136443032,0.0,10.862226,159.28708456966288,2.0193196272289966,0.0524410293777826,38.506485,-7.328392027444856,0.0674650057618029,-4.4751846855741615,0.0880403717849613,8.464477466371278,0.0121072272311491,0.4947170980063326,1.1897245825729612,r252695161069968640,1.1435643050725877,1.1676067406749484,-6.338915614891159,0.4644228160021626,-19.26500201393685,0.4543347642104139,233.3724008983147,0.4063396308784018,0.4677849115023586,-232.9444211303636,0.4649503044896258,-7.4178645732742785,1.1673962342898685,12.022871972039724,0.4543361942261768,-8.462664610727957,0.0120152392499345,0.174945581775683,0.004543275997372,-0.0089726504959676,0.000622561407303,0.04088272,0.0
82,82,2835616955910078848,90.97629417384118,-34.64966906166819,345.01582885703914,21.219392872592355,7.750034183338594,7.448115658000725,-48.952821297887525,7.538077,7.7591143,7.2273374,-13.09288916707416,0.048735064,-34.64966906166819,0.3703482709009542,0.0,7.538077,90.9762941738412,7.7500341833385935,0.05523990663121,140.29774,-48.95282129788753,0.0829268813893278,7.448115658000725,0.1282216378680662,8.002725229724371,2.673547787160371e-05,0.1211334811979242,6.021662185052597,r2835616955910078848,11.647359434614522,0.0939651303641925,-26.52217271847008,0.5524317733209521,-15.795397256381897,0.4196860043231457,213.9422728545288,0.5585158490880405,0.5492037388889828,-212.84081548863605,0.5523845936921706,-19.863504109717635,0.0942892669641003,8.690487948168085,0.4196754066067336,-8.001808611387492,1.2891236582159586e-05,0.1061317098330947,0.0007564748236072,-0.0583618827650434,0.0005229013780278,0.04725814,0.0
83,83,2835579194557408128,90.20464664048605,-34.79127316392183,344.50879961504086,20.774140397991893,2.544122391798378,13.811005977759066,-5.545734825480746,11.944974,12.272628,11.470753,-3.6281553303295615,0.050376177,-34.79127316392183,0.3625771492165237,0.0,11.944974,90.20464664048605,2.544122391798378,0.0363495670968486,69.99045,-5.545734825480746,0.0481875222207371,13.811005977759066,0.0609240280024656,8.010395890184329,0.0002860207341726,0.3847013003488546,6.012812855375838,r2835579194557408128,-16.76244528394593,0.2249203442501838,-15.76995844624362,0.5528916095777044,-15.885897544895158,0.4512030284874838,223.5486897115257,0.5605598503510694,0.5526057217186866,-222.90027488512047,0.5525166099484685,14.880267123036974,0.2260704160524588,8.249956255933045,0.4510876066045743,-8.001152951686993,1.6472986850351153e-05,0.3227953538551576,0.0046119917073702,-0.209277138555626,0.0032043965032885,0.04630321,0.0
84,84,2835604139727436928,90.33423464715892,-34.39659834921378,344.3893520691268,21.16746953723031,1.0366534146627084,-6.023794582756586,-8.372435561938904,12.507896,12.747755,12.121382,1.4513585626394274,0.046963435,-34.39659834921378,0.3694420377402693,0.0,12.507896,90.33423464715892,1.0366534146627084,0.0398258414717655,26.029667,-8.372435561938904,0.0561594804501232,-6.023794582756586,0.07704132062455,8.061557188066939,0.0045725736850772,0.9562488916710714,6.010728102416209,r2835604139727436928,43.242101408067015,1.7942238794518108,-8.85492820945106,3.5630112245399115,-16.672484430919038,2.5148805576238966,236.73916211573223,3.5271189563265986,3.4907981733323346,-234.4723433153364,3.5499678946214783,-30.60775491305677,1.8234678152847457,11.45933849121526,2.5122909084508134,-8.004643272103223,0.0001783838417716,0.7959584057207378,0.0305788924591227,-0.5299439585548922,0.0209354943488657,0.052981567,0.0
85,85,5837927974897185408,300.6159586836433,-12.838689714414777,183.77682321271527,-75.54682303061186,1.5632883608520067,-9.221761642021027,-4.672663877538356,11.788659,12.201572,11.217956,-10.81285953059644,0.05041802,-12.838689714414777,-1.318540801305658,0.0,11.788659,300.6159586836433,1.5632883608520067,0.0249287555640031,62.71024300000001,-4.672663877538356,0.0374060271942844,-9.221761642021027,0.0413632540101887,7.702145902160213,0.0056859305202926,0.6365121860172882,3.2075106539174247,r5837927974897185408,-29.621189390718303,1.4769731594999342,-0.7238669234485684,2.395385665594094,-14.883750137516609,0.6944358922890279,239.1964773419868,2.474377197649248,2.389811057824747,-239.06737173923776,2.3917768590539,1.9891958423183105,1.4826523319928069,7.601949908384451,0.6947725730386085,-7.682368983450928,0.0050650578417805,-0.5367434566277407,0.0085591032121282,-0.1271407174819094,0.0022666267404865,0.04262193,0.0
86,86,2080589330509828224,80.93790144969309,11.371451914202968,296.30090517924015,47.59303871132936,0.7414213330160087,2.441650079169375,6.206786050453353,11.438653,12.005458,10.752896,-46.464182177529466,0.045244638,11.371451914202964,0.8306552265418163,-0.25,11.438653,80.9379014496931,0.7414213330160087,0.0222034785565176,33.392124,6.206786050453353,0.0479222154364232,2.441650079169375,0.0392566072676901,7.905384262038559,0.0128894436831568,1.3517982820308465,5.171426372017259,r2080589330509828224,-48.96529808313728,1.2524575260274655,-39.5568294314218,0.5964792730772922,-3.8477671527040576,0.3431923888270624,203.11290353153345,0.6742235748619609,0.6307716275836448,-190.5206628455003,0.623634516459765,70.39827202153563,1.2384372970759003,-0.901058434898136,0.3457910417489351,-7.791733858449088,0.0062369837527652,1.3057794947559795,0.0391044143461796,0.2809336588233269,0.0079639633069642,0.033024207,0.0
87,87,3277615613753415040,179.35759864560765,-36.88116499792932,55.026166382739575,6.893465133648171,4.600059724991171,39.24956873486092,-24.882795484679672,12.975218,13.575822,12.256542,33.03767267992248,0.059067164,-36.88116499792932,0.1203136634535915,0.0,12.975218,179.35759864560765,4.600059724991171,0.0293121262464094,156.93367,-24.88279548467967,0.0425794141216622,39.24956873486092,0.0533599594382809,8.174689962162164,0.0011195822855633,0.2087312469207058,0.960387778129024,r3277615613753415040,-34.65610048058833,2.475699229038704,-45.87604603039779,0.2986868660417151,-8.883293483265632,1.8184445320625868,194.6415303755656,0.4362343645852628,0.4217864274330734,-193.19833007482495,0.298687441216267,23.62289678051521,2.475585431573619,1.2997503369131298,1.8185993556133009,-8.17387420275211,0.0011079470456382,0.0019495625154318,1.2422843613778197e-05,-0.1154672865550642,0.0008313530265165,0.04638311,0.0
88,88,580585638894511360,225.18095815583865,34.56321531251599,138.85404099622284,5.923025625069799,2.7029363590074382,-20.18532217587749,26.96719380527235,11.077903,11.391035,10.625738,53.95211535423337,0.04624767,34.563215312515986,0.1033762988374632,0.0,11.077903,225.18095815583865,2.7029363590074382,0.0585573774015732,46.158768,26.967193805272352,0.1182677535966238,-20.185322175877488,0.1970581255283947,8.220670891579612,0.0048965899831242,0.3786792656458429,2.423460195083276,r580585638894511360,-75.81496872973874,1.1263662439492643,6.084800025145675,0.8926763545650346,24.8062151011511,0.6179238031302029,255.5805299229032,0.9772023412681876,0.9058657982564392,-246.78192966677216,0.8928591176764391,59.10019326536126,1.125926781230905,-30.45083942378688,0.6184604233674551,-8.214751995089642,0.0046524638222791,-0.2161128066510969,0.0046819449293392,0.2248884648808797,0.0045470985690465,0.049359392,0.0
89,89,4968690198356431104,251.2090244263952,-73.56194045709913,28.87974156143936,-36.39558552978152,5.916495723000982,4.1009470129077465,-38.83103900425496,10.922857,11.273714,10.439123,14.241704810243544,0.04304397,-73.56194045709913,-0.6352228006858922,0.0,10.922857,251.2090244263952,5.916495723000983,0.0327460124354488,180.67836,-38.83103900425496,0.0445657151989695,4.1009470129077465,0.0448210024772408,8.016884187081184,0.000103133976277,0.1546903222348416,0.5040465773721651,r4968690198356431104,17.148985774870653,0.1461860295369887,-28.51144452819889,0.2925815271963829,-8.62729736011868,0.901098573643766,212.45945189331545,0.2893745192744926,0.2906869460661428,-210.40561816606865,0.2925780243111301,-29.407799525282684,0.1471007219958467,1.9172558627700207,0.9009508432704209,-8.015406435829952,8.526995757171787e-05,-0.0452794840073289,0.0002506082342982,-0.1471105225881777,0.0008972326588443,0.05068121,0.0
90,90,5914478074678184704,328.85391571693555,-11.065573386219413,254.49100373501025,-60.81886522797253,0.2644129009577916,-3.449093348961779,-4.682016648930204,13.952938,14.7253685,13.106038,-28.93035870119636,0.09608661,-11.065573386219413,-1.0614894455548125,0.0,13.952938,328.8539157169356,0.2644129009577916,0.024697473514912,10.706071,-4.682016648930204,0.0326066948805586,-3.449093348961779,0.032433616163358,5.2398250519154725,0.3480250678207644,3.779113413240169,4.441705931881116,r5914478074678184704,-77.91798878145326,5.59673992781085,-74.87291389585764,8.463769519634623,5.233429116273413,0.8093684650787273,177.72013604010291,6.307489194525014,8.098571623527622,-177.27595782070904,8.131593055785032,-0.3476699093725388,6.014161426276456,-12.55231685773512,1.1493590940646767,-4.823379274034327,0.2967120967330621,-1.9197466198838968,0.1793138350215861,-0.7108810511903036,0.0678008825280835,0.15582038,0.0
91,91,4171467233700591872,19.00044831346468,8.82097437026984,268.53202245822274,-8.152956681707707,1.049433051531693,-0.0036685904845709,1.6045390145865706,13.258227,14.240959,12.279877,-3.813330561981765,0.035297494,8.82097437026984,-0.1422959378682708,-1.5,13.258227,19.00044831346468,1.049433051531693,0.0280923209292285,37.35658,1.6045390145865706,0.0467189943251033,-0.0036685904845709,0.0498671215523892,7.118108966394807,0.0242468205363548,0.9553106834075644,4.686767938935343,r4171467233700591872,-6.131065498726138,0.3861054844789893,4.533945520865085,0.3056877271733754,2.986289721343508,0.2464115278206206,243.8795325351849,0.3097587615548082,0.305631193556614,-243.60184195161588,0.3058565585323858,5.760873798319741,0.3859131727286568,-10.10847765195314,0.2465032686381637,-7.1096785472273485,0.0238330553292193,0.306570053218257,0.0082065876519973,0.1611242223725941,0.0039116059327781,0.03347522,0.0
92,92,5914473401753684864,329.026447322963,-11.170712893658871,254.8715362987741,-60.746664081752805,0.2467883204241978,2.402993612569761,0.2143780876978805,13.662938,14.204206,12.971024,53.649746536642816,0.06789884,-11.170712893658877,-1.0602292978295649,0.0,13.662938,329.026447322963,0.2467883204241979,0.0227329134980934,10.855991,0.2143780876978805,0.0295612275134421,2.4029936125697606,0.0328367276172693,5.085365514378948,0.3702454989101225,4.049176364232912,4.4483474780298495,r5914473401753684864,54.82438241784797,3.4212118299422323,3.14964707690857,3.4758706704817843,-44.83055154173103,3.1504082475364608,253.8375936979372,3.564402007141596,3.46539742935358,-194.42913640677003,3.4668762892535763,-151.28204244078557,3.424164463359636,61.192961404241714,3.157104045208881,-4.591569574135763,0.3139676703591848,-2.045850885455456,0.1884536153457954,-0.7700165031910203,0.0723118186101462,0.045586124,0.0
93,93,463027440501495808,138.93978098357968,1.0504984811755071,46.024412359763325,59.73389260212756,0.7656102746535993,-2.369969391819593,1.2404595076314586,13.4224,14.419042,12.433074,-44.61907351749932,0.03759541,1.0504984811755071,1.042553100939809,0.0,13.4224,138.93978098357968,0.7656102746535993,0.0231416030745644,33.083717,1.2404595076314586,0.0405064280069043,-2.369969391819593,0.0239042080629305,9.02563521022924,0.0320960926416693,1.3065086559493602,0.803277531973443,r463027440501495808,44.5919400893436,1.0930588890665445,-16.546555396222868,0.9829801207217588,-1.70402651353443,0.2520996366043436,229.46346981611245,0.7894527060971016,0.989537367764476,-226.8191480571449,0.9840295628556576,-34.265692995429966,1.0921045953490869,-5.6938860388928125,0.2521413328296336,-8.9846953800037,0.0297637458479945,0.8578012896602311,0.0259282008344886,0.0389464263728523,0.0007238130319313,0.033606507,0.0
94,94,463072348679602176,139.00927510794435,1.85271132962888,46.93803905925022,60.39763131864498,3.4603295348835617,-7.18864214170522,-3.7811480575309546,10.343232,10.639135,9.907516,-19.990408318289088,0.04386653,1.85271132962888,1.0541375269159992,0.0,10.343232,139.00927510794435,3.4603295348835617,0.0486433221903429,71.13679,-3.7811480575309546,0.0686205253397601,-7.18864214170522,0.0659729394606657,8.220239720407871,0.0031257458457582,0.289862740142014,0.8192233260136181,r463072348679602176,18.698384021093585,0.6802434268920151,-8.31372613607772,0.5888122797575953,-10.230383335276027,0.1742845537564996,232.70130968289052,0.500907119283177,0.5903818065869345,-231.391768313676,0.5888646179232,-24.480465669087305,0.6801953331945321,2.907900518805918,0.1742954295435609,-8.218020040803042,0.0030648003266229,0.189459975681151,0.0026633193591323,0.0243431211181788,0.0001313402224364,0.043493647,0.0
95,95,5978754150055097856,352.2086589997113,2.2579353918365253,259.1660517391369,-34.20932210785478,0.8460353832653205,-4.578461198047264,-9.58142655229002,13.384944,14.112753,12.559786,-59.79472184100171,0.048164293,2.2579353918365253,-0.5970653056573527,0.0,13.384944,352.2086589997113,0.8460353832653205,0.0338501301524295,24.993565,-9.58142655229002,0.0358552936031639,-4.578461198047264,0.0617977056537715,6.831991167245689,0.0469707260455249,1.1826696144638975,4.523300912241916,r5978754150055097856,-66.57116267227333,3.464942821522828,-50.45575251768813,2.431708171167143,-11.727612914624968,0.3750518364910676,196.66266967550163,2.6123702705672134,2.5288212382851145,-189.8724930289684,2.432396175273374,50.99279012251921,3.464320845409344,4.937346491843988,0.3763338847044045,-6.829837243271682,0.0468185638547429,-0.160112199785537,0.0064061372714863,0.061568037340851,0.0018632011806019,0.047221385,0.0
96,96,2163640872614320512,87.7044190169661,0.0231797385547138,315.6861800204767,46.65111221308402,0.3497774037859863,-4.611507889343729,-4.502190640499067,14.14753,15.06397,13.195452,-64.23488024230844,0.088145845,0.0231797385547138,0.8142155078356547,0.0,14.14753,87.7044190169661,0.3497774037859863,0.0204758242659673,17.082458,-4.502190640499066,0.0432221200043254,-4.611507889343728,0.0365891415516238,8.38699469387496,0.0632619348426172,2.8590065435313545,5.509763244400859,r2163640872614320512,84.94075242956265,5.14792929327358,-67.15498846477371,1.3774163548754583,5.3963135899022925,0.6357943614438459,197.3371859686825,2.6634812179340632,2.7782808194599853,-194.35704975504632,2.179829516284058,-31.714718125112725,4.862788176596762,-12.70743210871083,0.6358621884920843,-7.885485098695727,0.0067036548660974,2.8566665392846256,0.1672280753751896,0.0161566291650529,6.770859200214838e-05,0.054614108,0.0
97,97,6336842031814423040,348.9155182298966,46.33148643664764,222.78787419284532,-5.576575510291196,2.7656277951264423,10.406340285630469,-0.8919300981557963,10.631399,10.920062,10.179358,-20.653430477144475,0.04167871,46.33148643664765,-0.0973296036406643,0.0,10.631399,348.91551822989663,2.7656277951264423,0.041394896423685,66.81084,-0.8919300981557963,0.0598791170388569,10.406340285630469,0.0605040251207075,7.760068802446476,0.0038087615823983,0.3725757454014961,3.888381938184055,r6336842031814423040,-2.915319729136902,0.6514912713183382,13.378615477158284,0.217130240326834,-23.654085689417137,0.671418347982689,253.1233603346117,0.2378542469108265,0.2218903759462751,-252.40312112269905,0.2171635216271036,-10.325508238282938,0.6515058872814892,16.046304067508594,0.671393401507827,-7.7549909457901025,0.0036672051241877,-0.0479999554657309,0.0007184456232132,0.2765488269581681,0.003914766340123,0.041340258,0.0
98,98,265963620719995648,156.5654732683195,8.154996293014884,78.38538102826966,52.95763991461439,0.9291843236702276,-2.491515263572067,-5.457126474845822,11.151666,12.021114,10.264819,-12.00592310046157,0.03976175,8.154996293014884,0.9242851805955898,0.0,11.151666,156.5654732683195,0.9291843236702276,0.0504080571987154,18.43325,-5.457126474845822,0.0662148714027263,-2.491515263572067,0.0755273594649654,8.989012260565516,0.0541964598298703,1.0784427272654364,1.3680829843736038,r265963620719995648,1.1269885907007529,0.7874588227649666,-17.45998846589725,0.7986300659678254,-27.83026920199973,1.3525134996901569,222.9091210399425,0.7102084940637049,0.8049303950187267,-221.95001791451568,0.7986054130319246,-2.1494281104491093,0.7877508708189803,20.543752075604434,1.3523579801451704,-8.977456419037841,0.0530268083790853,0.4236826679403152,0.0229846970246772,0.1676623444915593,0.0082819005844008,0.0402006129999999,0.0
99,99,2011369846558485248,113.42992636149016,-1.8214716104959412,353.80775883303176,59.63699290386828,0.9557992021540264,-16.906135123917657,-3.643150561675165,11.874942,12.845528,10.909883,-73.09550212297859,0.05858755,-1.8214716104959408,1.0408618821609956,0.0,11.874942,113.42992636149016,0.9557992021540264,0.024183504561496,39.522774,-3.643150561675165,0.033775382107754,-16.906135123917654,0.0376600949073236,8.470344671182762,0.013204740420654,1.0458755398343471,6.175110310738455,r2011369846558485248,107.67586552717869,2.0052502118284887,-32.179809034946345,0.9390567275213192,8.309037500551696,0.2615457002729498,239.0763035121835,1.7870533305560083,1.2857703107267822,-219.02304980861308,0.9602649762490588,-94.60761671303368,1.9951764214379728,-15.355175461816811,0.261580438106279,-8.41580520023815,0.0105206479917448,0.9594938388850996,0.0242769857697222,-0.0182552299419263,0.0008414194144353,0.069551714,0.0
